try,seasons,home_coeff,away_coeff,margin_coeff,date_coeff,Error,Mean%Diff
1,2022/23,0.25,0.25,0.0,0.0,7.745966692414834,0.13885740995115994
2,2022/23,0.25,0.25,0.5,0.0,7.615773105863909,0.13709016677766678
3,2022/23,0.25,0.25,1.0,0.0,6.324555320336759,0.12360573454323455
4,2022/23,0.25,0.25,0.0,0.5,9.055385138137417,0.16501068376068376
5,2022/23,0.25,0.25,0.5,0.5,8.717797887081348,0.17223627067377068
6,2022/23,0.25,0.25,1.0,0.5,8.246211251235321,0.15146086552336552
7,2022/23,0.25,0.25,0.0,1.0,11.661903789690601,0.21569116647241646
8,2022/23,0.25,0.25,0.5,1.0,11.74734012447073,0.22514733530358533
9,2022/23,0.25,0.25,1.0,1.0,10.488088481701515,0.19663314116439115
10,2022/23,0.25,0.5,0.0,0.0,9.055385138137417,0.16249176171051172
11,2022/23,0.25,0.5,0.5,0.0,8.48528137423857,0.1627683947996448
12,2022/23,0.25,0.5,1.0,0.0,7.3484692283495345,0.1429719585969586
13,2022/23,0.25,0.5,0.0,0.5,8.246211251235321,0.14605845543345544
14,2022/23,0.25,0.5,0.5,0.5,8.602325267042627,0.1492601148851149
15,2022/23,0.25,0.5,1.0,0.5,8.0,0.135997335997336
16,2022/23,0.25,0.5,0.0,1.0,11.224972160321824,0.20376793345543345
17,2022/23,0.25,0.5,0.5,1.0,12.24744871391589,0.22667670870795872
18,2022/23,0.25,0.5,1.0,1.0,8.94427190999916,0.1556943056943057
19,2022/23,0.25,0.75,0.0,0.0,9.486832980505138,0.16341167513042515
20,2022/23,0.25,0.75,0.5,0.0,9.273618495495704,0.14949347527472528
21,2022/23,0.25,0.75,1.0,0.0,8.12403840463596,0.13789396367521367
22,2022/23,0.25,0.75,0.0,0.5,8.246211251235321,0.15031418234543234
23,2022/23,0.25,0.75,0.5,0.5,8.48528137423857,0.14896249583749582
24,2022/23,0.25,0.75,1.0,0.5,8.48528137423857,0.1925077526640027
25,2022/23,0.25,0.75,0.0,1.0,11.40175425099138,0.21639419608169608
26,2022/23,0.25,0.75,0.5,1.0,9.16515138991168,0.16392418345543344
27,2022/23,0.25,0.75,1.0,1.0,8.366600265340756,0.21614592005217004
28,2022/23,0.25,1.0,0.0,0.0,9.591663046625438,0.1641061195748696
29,2022/23,0.25,1.0,0.5,0.0,9.38083151964686,0.1626879197191697
30,2022/23,0.25,1.0,1.0,0.0,8.717797887081348,0.148951655982906
31,2022/23,0.25,1.0,0.0,0.5,9.899494936611665,0.19339297854922852
32,2022/23,0.25,1.0,0.5,0.5,9.38083151964686,0.16142529345654347
33,2022/23,0.25,1.0,1.0,0.5,8.602325267042627,0.20570219710844712
34,2022/23,0.25,1.0,0.0,1.0,9.899494936611665,0.19209089521589517
35,2022/23,0.25,1.0,0.5,1.0,10.198039027185569,0.24830369283494283
36,2022/23,0.25,1.0,1.0,1.0,9.695359714832659,0.25311901640026635
37,2022/23,0.25,1.25,0.0,0.0,9.899494936611665,0.1844186195748696
38,2022/23,0.25,1.25,0.5,0.0,9.591663046625438,0.17531418234543233
39,2022/23,0.25,1.25,1.0,0.0,8.602325267042627,0.14087873931623932
40,2022/23,0.25,1.25,0.0,0.5,10.0,0.19408742299367296
41,2022/23,0.25,1.25,0.5,0.5,10.392304845413264,0.18398077616827616
42,2022/23,0.25,1.25,1.0,0.5,8.831760866327848,0.20159302503052504
43,2022/23,0.25,1.25,0.0,1.0,9.899494936611665,0.17991331585081582
44,2022/23,0.25,1.25,0.5,1.0,10.677078252031311,0.25316480394605395
45,2022/23,0.25,1.25,1.0,1.0,11.045361017187261,0.26588576354201354
46,2022/23,0.25,1.5,0.0,0.0,9.899494936611665,0.1844186195748696
47,2022/23,0.25,1.5,0.5,0.0,9.591663046625438,0.17531418234543233
48,2022/23,0.25,1.5,1.0,0.0,9.273618495495704,0.14608707264957266
49,2022/23,0.25,1.5,0.0,0.5,10.0,0.19408742299367296
50,2022/23,0.25,1.5,0.5,0.5,10.392304845413264,0.18398077616827616
51,2022/23,0.25,1.5,1.0,0.5,9.591663046625438,0.2107966686091686
52,2022/23,0.25,1.5,0.0,1.0,10.099504938362077,0.1895859348984349
53,2022/23,0.25,1.5,0.5,1.0,10.770329614269007,0.2465303793428793
54,2022/23,0.25,1.5,1.0,1.0,11.489125293076057,0.270620612026862
55,2022/23,0.25,1.75,0.0,0.0,9.899494936611665,0.1844186195748696
56,2022/23,0.25,1.75,0.5,0.0,9.591663046625438,0.17531418234543233
57,2022/23,0.25,1.75,1.0,0.0,9.486832980505138,0.15871333527583528
58,2022/23,0.25,1.75,0.0,0.5,10.0,0.19408742299367296
59,2022/23,0.25,1.75,0.5,0.5,10.392304845413264,0.18398077616827616
60,2022/23,0.25,1.75,1.0,0.5,10.099504938362077,0.24437801781551782
61,2022/23,0.25,1.75,0.0,1.0,11.045361017187261,0.19798985736485736
62,2022/23,0.25,1.75,0.5,1.0,11.224972160321824,0.210072046009546
63,2022/23,0.25,1.75,1.0,1.0,11.224972160321824,0.26272356116106116
64,2022/23,0.5,0.25,0.0,0.0,6.6332495807108,0.12589381105006106
65,2022/23,0.5,0.25,0.5,0.0,8.0,0.15748695748695749
66,2022/23,0.5,0.25,1.0,0.0,8.48528137423857,0.15705900002775003
67,2022/23,0.5,0.25,0.0,0.5,9.899494936611665,0.17593803765678767
68,2022/23,0.5,0.25,0.5,0.5,9.16515138991168,0.1774901313963814
69,2022/23,0.5,0.25,1.0,0.5,9.16515138991168,0.16553099678099678
70,2022/23,0.5,0.25,0.0,1.0,11.313708498984761,0.22589068917193916
71,2022/23,0.5,0.25,0.5,1.0,12.489995996796797,0.24245407370407368
72,2022/23,0.5,0.25,1.0,1.0,12.165525060596439,0.2246455801143301
73,2022/23,0.5,0.5,0.0,0.0,8.48528137423857,0.156342528998779
74,2022/23,0.5,0.5,0.5,0.0,7.211102550927978,0.13853247446997446
75,2022/23,0.5,0.5,1.0,0.0,6.928203230275509,0.1443917193917194
76,2022/23,0.5,0.5,0.0,0.5,10.0,0.1849721459096459
77,2022/23,0.5,0.5,0.5,0.5,9.486832980505138,0.18644601925851922
78,2022/23,0.5,0.5,1.0,0.5,9.486832980505138,0.17085189116439115
79,2022/23,0.5,0.5,0.0,1.0,11.74734012447073,0.2252420322732823
80,2022/23,0.5,0.5,0.5,1.0,12.409673645990857,0.22359723609723609
81,2022/23,0.5,0.5,1.0,1.0,11.74734012447073,0.20881930569430568
82,2022/23,0.5,0.75,0.0,0.0,9.16515138991168,0.14505399114774115
83,2022/23,0.5,0.75,0.5,0.0,8.717797887081348,0.17113893051393053
84,2022/23,0.5,0.75,1.0,0.0,7.615773105863909,0.15884497446997445
85,2022/23,0.5,0.75,0.0,0.5,9.055385138137417,0.15864526098901097
86,2022/23,0.5,0.75,0.5,0.5,8.602325267042627,0.1492601148851149
87,2022/23,0.5,0.75,1.0,0.5,9.055385138137417,0.14975207084582087
88,2022/23,0.5,0.75,0.0,1.0,11.489125293076057,0.20724015567765566
89,2022/23,0.5,0.75,0.5,1.0,12.24744871391589,0.22658201173826176
90,2022/23,0.5,0.75,1.0,1.0,10.392304845413264,0.18407972236097236
91,2022/23,0.5,1.0,0.0,0.0,9.38083151964686,0.1547266101953602
92,2022/23,0.5,1.0,0.5,0.0,9.486832980505138,0.16536649114774116
93,2022/23,0.5,1.0,1.0,0.0,7.3484692283495345,0.1429719585969586
94,2022/23,0.5,1.0,0.0,0.5,8.602325267042627,0.14953067765567762
95,2022/23,0.5,1.0,0.5,0.5,9.055385138137417,0.15342678155178155
96,2022/23,0.5,1.0,1.0,0.5,8.48528137423857,0.14016400266400267
97,2022/23,0.5,1.0,0.0,1.0,11.224972160321824,0.20376793345543345
98,2022/23,0.5,1.0,0.5,1.0,12.0,0.22580076173826175
99,2022/23,0.5,1.0,1.0,1.0,10.0,0.17548597236097235
100,2022/23,0.5,1.25,0.0,0.0,9.16515138991168,0.13885359432234431
101,2022/23,0.5,1.25,0.5,0.0,9.273618495495704,0.14949347527472528
102,2022/23,0.5,1.25,1.0,0.0,7.745966692414834,0.13933627136752136
103,2022/23,0.5,1.25,0.0,0.5,8.94427190999916,0.1572586267898768
104,2022/23,0.5,1.25,0.5,0.5,9.591663046625438,0.15816163003663006
105,2022/23,0.5,1.25,1.0,0.5,8.48528137423857,0.14016400266400267
106,2022/23,0.5,1.25,0.0,1.0,11.135528725660043,0.21561294608169607
107,2022/23,0.5,1.25,0.5,1.0,10.392304845413264,0.1876615571928072
108,2022/23,0.5,1.25,1.0,1.0,10.583005244258363,0.1892222360972361
109,2022/23,0.5,1.5,0.0,0.0,9.486832980505138,0.15916609432234433
110,2022/23,0.5,1.5,0.5,0.0,9.273618495495704,0.14949347527472528
111,2022/23,0.5,1.5,1.0,0.0,8.717797887081348,0.148951655982906
112,2022/23,0.5,1.5,0.0,0.5,10.0,0.18719258172383174
113,2022/23,0.5,1.5,0.5,0.5,9.486832980505138,0.157864010989011
114,2022/23,0.5,1.5,1.0,0.5,9.16515138991168,0.16924386377511377
115,2022/23,0.5,1.5,0.0,1.0,10.198039027185569,0.20202393093018092
116,2022/23,0.5,1.5,0.5,1.0,10.954451150103322,0.19286989052614054
117,2022/23,0.5,1.5,1.0,1.0,10.954451150103322,0.21013630466755465
118,2022/23,0.5,1.75,0.0,0.0,9.797958971132712,0.1849868013930514
119,2022/23,0.5,1.75,0.5,0.0,9.38083151964686,0.1626879197191697
120,2022/23,0.5,1.75,1.0,0.0,9.38083151964686,0.1541599893162393
121,2022/23,0.5,1.75,0.0,0.5,10.0,0.18719258172383174
122,2022/23,0.5,1.75,0.5,0.5,10.198039027185569,0.179995612026862
123,2022/23,0.5,1.75,1.0,0.5,9.797958971132712,0.2260620455932956
124,2022/23,0.5,1.75,0.0,1.0,10.198039027185569,0.18127358752358752
125,2022/23,0.5,1.75,0.5,1.0,11.313708498984761,0.20906758172383172
126,2022/23,0.5,1.75,1.0,1.0,11.489125293076057,0.22074687465312465
127,2022/23,0.75,0.25,0.0,0.0,6.48074069840786,0.12532562923187923
128,2022/23,0.75,0.25,0.5,0.0,8.48528137423857,0.15705900002775003
129,2022/23,0.75,0.25,1.0,0.0,8.831760866327848,0.15689145923520922
130,2022/23,0.75,0.25,0.0,0.5,9.16515138991168,0.15786756646131644
131,2022/23,0.75,0.25,0.5,0.5,10.770329614269007,0.20028660575535578
132,2022/23,0.75,0.25,1.0,0.5,10.583005244258363,0.1881872467809968
133,2022/23,0.75,0.25,0.0,1.0,12.328828005937952,0.24217518592518594
134,2022/23,0.75,0.25,0.5,1.0,13.564659966250536,0.2537464271839272
135,2022/23,0.75,0.25,1.0,1.0,13.564659966250536,0.23548387376512375
136,2022/23,0.75,0.5,0.0,0.0,8.366600265340756,0.15577434718059718
137,2022/23,0.75,0.5,0.5,0.0,8.831760866327848,0.17271131646131646
138,2022/23,0.75,0.5,1.0,0.0,8.48528137423857,0.17827294233544233
139,2022/23,0.75,0.5,0.0,0.5,10.295630140987,0.1977386328948829
140,2022/23,0.75,0.5,0.5,0.5,9.899494936611665,0.19271449037074037
141,2022/23,0.75,0.5,1.0,0.5,10.0,0.18636433011433012
142,2022/23,0.75,0.5,0.0,1.0,11.832159566199232,0.22571551712176713
143,2022/23,0.75,0.5,0.5,1.0,13.2664991614216,0.2540535853035853
144,2022/23,0.75,0.5,1.0,1.0,12.569805089976535,0.22567961552336552
145,2022/23,0.75,0.75,0.0,0.0,8.831760866327848,0.15994101384726384
146,2022/23,0.75,0.75,0.5,0.0,8.48528137423857,0.18313812923187925
147,2022/23,0.75,0.75,1.0,0.0,8.246211251235321,0.17479464979464981
148,2022/23,0.75,0.75,0.0,0.5,10.0,0.1849721459096459
149,2022/23,0.75,0.75,0.5,0.5,9.486832980505138,0.18644601925851922
150,2022/23,0.75,0.75,1.0,0.5,9.486832980505138,0.17085189116439115
151,2022/23,0.75,0.75,0.0,1.0,12.24744871391589,0.22667670870795872
152,2022/23,0.75,0.75,0.5,1.0,13.114877048604,0.23818056943056942
153,2022/23,0.75,0.75,1.0,1.0,12.489995996796797,0.22340263902763902
154,2022/23,0.75,1.0,0.0,0.0,8.717797887081348,0.14719074328449328
155,2022/23,0.75,1.0,0.5,0.0,8.717797887081348,0.17113893051393053
156,2022/23,0.75,1.0,1.0,0.0,7.745966692414834,0.1591425935175935
157,2022/23,0.75,1.0,0.0,0.5,9.38083151964686,0.1748158959096459
158,2022/23,0.75,1.0,0.5,0.5,9.695359714832659,0.16348833458208456
159,2022/23,0.75,1.0,1.0,0.5,9.055385138137417,0.16173730783105783
160,2022/23,0.75,1.0,0.0,1.0,12.165525060596439,0.22693712537462538
161,2022/23,0.75,1.0,0.5,1.0,13.711309200802088,0.2554882617382617
162,2022/23,0.75,1.0,1.0,1.0,13.2664991614216,0.232777639027639
163,2022/23,0.75,1.25,0.0,0.0,9.38083151964686,0.1547266101953602
164,2022/23,0.75,1.25,0.5,0.0,9.273618495495704,0.17587377899877898
165,2022/23,0.75,1.25,1.0,0.0,7.615773105863909,0.15884497446997445
166,2022/23,0.75,1.25,0.0,0.5,8.602325267042627,0.14953067765567762
167,2022/23,0.75,1.25,0.5,0.5,9.055385138137417,0.15342678155178155
168,2022/23,0.75,1.25,1.0,0.5,9.055385138137417,0.14975207084582087
169,2022/23,0.75,1.25,0.0,1.0,11.40175425099138,0.20750057234432234
170,2022/23,0.75,1.25,0.5,1.0,14.071247279470288,0.26095701173826175
171,2022/23,0.75,1.25,1.0,1.0,12.24744871391589,0.2181284860972361
172,2022/23,0.75,1.5,0.0,0.0,9.695359714832659,0.1750391101953602
173,2022/23,0.75,1.5,0.5,0.0,9.486832980505138,0.16536649114774116
174,2022/23,0.75,1.5,1.0,0.0,8.246211251235321,0.16357982295482296
175,2022/23,0.75,1.5,0.0,0.5,9.16515138991168,0.16562916250416249
176,2022/23,0.75,1.5,0.5,0.5,9.591663046625438,0.15816163003663006
177,2022/23,0.75,1.5,1.0,0.5,9.16515138991168,0.15578900266400267
178,2022/23,0.75,1.5,0.0,1.0,11.832159566199232,0.2235990571928072
179,2022/23,0.75,1.5,0.5,1.0,13.856406460551018,0.24954602688977687
180,2022/23,0.75,1.5,1.0,1.0,12.24744871391589,0.2181284860972361
181,2022/23,0.75,1.75,0.0,0.0,9.695359714832659,0.1750391101953602
182,2022/23,0.75,1.75,0.5,0.0,9.486832980505138,0.16536649114774116
183,2022/23,0.75,1.75,1.0,0.0,7.745966692414834,0.13933627136752136
184,2022/23,0.75,1.75,0.0,0.5,9.797958971132712,0.1745663190975691
185,2022/23,0.75,1.75,0.5,0.5,9.591663046625438,0.15816163003663006
186,2022/23,0.75,1.75,1.0,0.5,9.16515138991168,0.15578900266400267
187,2022/23,0.75,1.75,0.0,1.0,11.135528725660043,0.2124011405261405
188,2022/23,0.75,1.75,0.5,1.0,11.661903789690601,0.19552140567765566
189,2022/23,0.75,1.75,1.0,1.0,12.083045973594572,0.22111326173826173
190,2022/23,1.0,0.25,0.0,0.0,7.3484692283495345,0.13521131646131646
191,2022/23,1.0,0.25,0.5,0.0,8.12403840463596,0.1418804285991786
192,2022/23,1.0,0.25,1.0,0.0,8.831760866327848,0.15689145923520922
193,2022/23,1.0,0.25,0.0,0.5,10.0,0.17857914654789656
194,2022/23,1.0,0.25,0.5,0.5,12.165525060596439,0.22457976051726053
195,2022/23,1.0,0.25,1.0,0.5,11.40175425099138,0.20102206820956822
196,2022/23,1.0,0.25,0.0,1.0,13.638181696985855,0.254314609002109
197,2022/23,1.0,0.25,0.5,1.0,13.564659966250536,0.2537464271839272
198,2022/23,1.0,0.25,1.0,1.0,13.2664991614216,0.22402554043179043
199,2022/23,1.0,0.5,0.0,0.0,8.366600265340756,0.15577434718059718
200,2022/23,1.0,0.5,0.5,0.0,8.0,0.15748695748695749
201,2022/23,1.0,0.5,1.0,0.0,8.831760866327848,0.17737150002775004
202,2022/23,1.0,0.5,0.0,0.5,10.862780491200215,0.2086287844100344
203,2022/23,1.0,0.5,0.5,0.5,10.862780491200215,0.20703740703740706
204,2022/23,1.0,0.5,1.0,0.5,10.583005244258363,0.18402058011433012
205,2022/23,1.0,0.5,0.0,1.0,13.038404810405298,0.2567585192585192
206,2022/23,1.0,0.5,0.5,1.0,12.489995996796797,0.24245407370407368
207,2022/23,1.0,0.5,1.0,1.0,13.2664991614216,0.2220003954378954
208,2022/23,1.0,0.75,0.0,0.0,8.831760866327848,0.15994101384726384
209,2022/23,1.0,0.75,0.5,0.0,9.16515138991168,0.19302381646131647
210,2022/23,1.0,0.75,1.0,0.0,8.48528137423857,0.17827294233544233
211,2022/23,1.0,0.75,0.0,0.5,10.099504938362077,0.1966969662282162
212,2022/23,1.0,0.75,0.5,0.5,10.488088481701515,0.20645075410700411
213,2022/23,1.0,0.75,1.0,0.5,10.392304845413264,0.2024901313963814
214,2022/23,1.0,0.75,0.0,1.0,11.832159566199232,0.22571551712176713
215,2022/23,1.0,0.75,0.5,1.0,13.114877048604,0.23818056943056942
216,2022/23,1.0,0.75,1.0,1.0,12.806248474865697,0.23178939116439115
217,2022/23,1.0,1.0,0.0,0.0,8.831760866327848,0.15994101384726384
218,2022/23,1.0,1.0,0.5,0.0,9.591663046625438,0.19572970432345432
219,2022/23,1.0,1.0,1.0,0.0,8.831760866327848,0.184382717976468
220,2022/23,1.0,1.0,0.0,0.5,9.38083151964686,0.1748158959096459
221,2022/23,1.0,1.0,0.5,0.5,10.295630140987,0.1884759337884338
222,2022/23,1.0,1.0,1.0,0.5,9.486832980505138,0.17085189116439115
223,2022/23,1.0,1.0,0.0,1.0,12.165525060596439,0.22693712537462538
224,2022/23,1.0,1.0,0.5,1.0,13.114877048604,0.23818056943056942
225,2022/23,1.0,1.0,1.0,1.0,13.416407864998739,0.23381930569430567
226,2022/23,1.0,1.25,0.0,0.0,8.94427190999916,0.15556127899877897
227,2022/23,1.0,1.25,0.5,0.0,9.055385138137417,0.18631750194250193
228,2022/23,1.0,1.25,1.0,0.0,7.874007874011811,0.15961607836607836
229,2022/23,1.0,1.25,0.0,0.5,9.38083151964686,0.1748158959096459
230,2022/23,1.0,1.25,0.5,0.5,9.899494936611665,0.17936135045510046
231,2022/23,1.0,1.25,1.0,0.5,9.055385138137417,0.16173730783105783
232,2022/23,1.0,1.25,0.0,1.0,12.165525060596439,0.22693712537462538
233,2022/23,1.0,1.25,0.5,1.0,14.142135623730951,0.26069659507159504
234,2022/23,1.0,1.25,1.0,1.0,13.2664991614216,0.232777639027639
235,2022/23,1.0,1.5,0.0,0.0,9.16515138991168,0.14505399114774115
236,2022/23,1.0,1.5,0.5,0.0,9.591663046625438,0.19105235042735041
237,2022/23,1.0,1.5,1.0,0.0,7.615773105863909,0.15884497446997445
238,2022/23,1.0,1.5,0.0,0.5,8.717797887081348,0.1498282967032967
239,2022/23,1.0,1.5,0.5,0.5,9.16515138991168,0.15390026640026638
240,2022/23,1.0,1.5,1.0,0.5,9.695359714832659,0.16537707084582084
241,2022/23,1.0,1.5,0.0,1.0,11.74734012447073,0.21734905719280717
242,2022/23,1.0,1.5,0.5,1.0,14.352700094407323,0.2651236784049284
243,2022/23,1.0,1.5,1.0,1.0,12.806248474865697,0.22620140276390274
244,2022/23,1.0,1.75,0.0,0.0,9.695359714832659,0.1750391101953602
245,2022/23,1.0,1.75,0.5,0.0,9.695359714832659,0.17373702686202686
246,2022/23,1.0,1.75,1.0,0.0,7.615773105863909,0.15884497446997445
247,2022/23,1.0,1.75,0.0,0.5,9.16515138991168,0.16562916250416249
248,2022/23,1.0,1.75,0.5,0.5,9.055385138137417,0.15342678155178155
249,2022/23,1.0,1.75,1.0,0.5,9.16515138991168,0.15578900266400267
250,2022/23,1.0,1.75,0.0,1.0,11.832159566199232,0.2235990571928072
251,2022/23,1.0,1.75,0.5,1.0,14.560219778561036,0.2688168602231102
252,2022/23,1.0,1.75,1.0,1.0,12.24744871391589,0.2181284860972361
253,2022/23,1.25,0.25,0.0,0.0,7.3484692283495345,0.13521131646131646
254,2022/23,1.25,0.25,0.5,0.0,8.12403840463596,0.13506224678099676
255,2022/23,1.25,0.25,1.0,0.0,10.099504938362077,0.18018873487623488
256,2022/23,1.25,0.25,0.0,0.5,10.295630140987,0.17767770424020424
257,2022/23,1.25,0.25,0.5,0.5,12.328828005937952,0.2239387348762349
258,2022/23,1.25,0.25,1.0,0.5,11.40175425099138,0.20102206820956822
259,2022/23,1.25,0.25,0.0,1.0,14.212670403551895,0.26740984709734705
260,2022/23,1.25,0.25,0.5,1.0,13.564659966250536,0.2537464271839272
261,2022/23,1.25,0.25,1.0,1.0,13.711309200802088,0.2396505404317904
262,2022/23,1.25,0.5,0.0,0.0,6.782329983125268,0.1271113435175935
263,2022/23,1.25,0.5,0.5,0.0,8.48528137423857,0.15705900002775003
264,2022/23,1.25,0.5,1.0,0.0,8.94427190999916,0.16690748487623489
265,2022/23,1.25,0.5,0.0,0.5,11.224972160321824,0.20753976925851927
266,2022/23,1.25,0.5,0.5,0.5,11.832159566199232,0.2259276313963814
267,2022/23,1.25,0.5,1.0,0.5,10.954451150103322,0.19235391344766345
268,2022/23,1.25,0.5,0.0,1.0,13.038404810405298,0.2567585192585192
269,2022/23,1.25,0.5,0.5,1.0,12.727922061357855,0.2415526313963814
270,2022/23,1.25,0.5,1.0,1.0,14.491376746189438,0.25591656607281604
271,2022/23,1.25,0.75,0.0,0.0,8.366600265340756,0.15577434718059718
272,2022/23,1.25,0.75,0.5,0.0,8.831760866327848,0.17271131646131646
273,2022/23,1.25,0.75,1.0,0.0,8.831760866327848,0.17737150002775004
274,2022/23,1.25,0.75,0.0,0.5,10.392304845413264,0.19821211774336772
275,2022/23,1.25,0.75,0.5,0.5,10.862780491200215,0.20703740703740706
276,2022/23,1.25,0.75,1.0,0.5,11.224972160321824,0.1992449390886891
277,2022/23,1.25,0.75,0.0,1.0,13.2664991614216,0.2548821837884338
278,2022/23,1.25,0.75,0.5,1.0,13.2664991614216,0.2540535853035853
279,2022/23,1.25,0.75,1.0,1.0,13.711309200802088,0.22720872877122877
280,2022/23,1.25,1.0,0.0,0.0,8.831760866327848,0.15994101384726384
281,2022/23,1.25,1.0,0.5,0.0,8.602325267042627,0.1834357482794983
282,2022/23,1.25,1.0,1.0,0.0,9.273618495495704,0.1934973013098013
283,2022/23,1.25,1.0,0.0,0.5,10.488088481701515,0.1945602140914641
284,2022/23,1.25,1.0,0.5,0.5,11.74734012447073,0.22494033744033745
285,2022/23,1.25,1.0,1.0,0.5,10.677078252031311,0.20104782370407367
286,2022/23,1.25,1.0,0.0,1.0,13.856406460551018,0.2721898760961261
287,2022/23,1.25,1.0,0.5,1.0,13.564659966250536,0.24338890276390276
288,2022/23,1.25,1.0,1.0,1.0,13.416407864998739,0.23381930569430567
289,2022/23,1.25,1.25,0.0,0.0,8.831760866327848,0.15994101384726384
290,2022/23,1.25,1.25,0.5,0.0,9.591663046625438,0.19572970432345432
291,2022/23,1.25,1.25,1.0,0.0,8.831760866327848,0.184382717976468
292,2022/23,1.25,1.25,0.0,0.5,9.38083151964686,0.1748158959096459
293,2022/23,1.25,1.25,0.5,0.5,10.677078252031311,0.19832441863691863
294,2022/23,1.25,1.25,1.0,0.5,10.488088481701515,0.18517480783105783
295,2022/23,1.25,1.25,0.0,1.0,13.711309200802088,0.2563168602231102
296,2022/23,1.25,1.25,0.5,1.0,13.564659966250536,0.24338890276390276
297,2022/23,1.25,1.25,1.0,1.0,13.416407864998739,0.23381930569430567
298,2022/23,1.25,1.5,0.0,0.0,8.94427190999916,0.15556127899877897
299,2022/23,1.25,1.5,0.5,0.0,9.055385138137417,0.18631750194250193
300,2022/23,1.25,1.5,1.0,0.0,8.246211251235321,0.17479464979464981
301,2022/23,1.25,1.5,0.0,0.5,9.38083151964686,0.1748158959096459
302,2022/23,1.25,1.5,0.5,0.5,10.295630140987,0.1884759337884338
303,2022/23,1.25,1.5,1.0,0.5,9.695359714832659,0.17736230783105783
304,2022/23,1.25,1.5,0.0,1.0,12.884098726725126,0.24152045870795874
305,2022/23,1.25,1.5,0.5,1.0,14.422205101855956,0.2648632617382617
306,2022/23,1.25,1.5,1.0,1.0,13.2664991614216,0.232777639027639
307,2022/23,1.25,1.75,0.0,0.0,9.486832980505138,0.16536649114774116
308,2022/23,1.25,1.75,0.5,0.0,9.591663046625438,0.19105235042735041
309,2022/23,1.25,1.75,1.0,0.0,7.745966692414834,0.1591425935175935
310,2022/23,1.25,1.75,0.0,0.5,8.717797887081348,0.1498282967032967
311,2022/23,1.25,1.75,0.5,0.5,9.16515138991168,0.15390026640026638
312,2022/23,1.25,1.75,1.0,0.5,10.099504938362077,0.17522555569430567
313,2022/23,1.25,1.75,0.0,1.0,12.884098726725126,0.24152045870795874
314,2022/23,1.25,1.75,0.5,1.0,14.352700094407323,0.2651236784049284
315,2022/23,1.25,1.75,1.0,1.0,13.711309200802088,0.24651390276390275
316,2022/23,1.5,0.25,0.0,0.0,8.12403840463596,0.13340843184593185
317,2022/23,1.5,0.25,0.5,0.0,9.797958971132712,0.1495253878066378
318,2022/23,1.5,0.25,1.0,0.0,10.954451150103322,0.1930235563048063
319,2022/23,1.5,0.25,0.0,0.5,11.135528725660043,0.19143243908868912
320,2022/23,1.5,0.25,0.5,0.5,12.0,0.19361020923520925
321,2022/23,1.5,0.25,1.0,0.5,11.832159566199232,0.2114387348762349
322,2022/23,1.5,0.25,0.0,1.0,14.212670403551895,0.26740984709734705
323,2022/23,1.5,0.25,0.5,1.0,14.0,0.25722628066378067
324,2022/23,1.5,0.25,1.0,1.0,14.2828568570857,0.2527457785270285
325,2022/23,1.5,0.5,0.0,0.0,7.483314773547883,0.1366994116994117
326,2022/23,1.5,0.5,0.5,0.0,8.12403840463596,0.1418804285991786
327,2022/23,1.5,0.5,1.0,0.0,9.899494936611665,0.1712143759018759
328,2022/23,1.5,0.5,0.0,0.5,10.583005244258363,0.1932353237040737
329,2022/23,1.5,0.5,0.5,0.5,12.0,0.22696929806304805
330,2022/23,1.5,0.5,1.0,0.5,10.954451150103322,0.19235391344766345
331,2022/23,1.5,0.5,0.0,1.0,13.038404810405298,0.2567585192585192
332,2022/23,1.5,0.5,0.5,1.0,14.0,0.2589547605172605
333,2022/23,1.5,0.5,1.0,1.0,14.422205101855956,0.2563172070984571
334,2022/23,1.5,0.75,0.0,0.0,8.48528137423857,0.15607196622821623
335,2022/23,1.5,0.75,0.5,0.0,8.94427190999916,0.1731848013098013
336,2022/23,1.5,0.75,1.0,0.0,9.273618495495704,0.1872199848762349
337,2022/23,1.5,0.75,0.0,0.5,11.40175425099138,0.22728408744033746
338,2022/23,1.5,0.75,0.5,0.5,10.862780491200215,0.20703740703740706
339,2022/23,1.5,0.75,1.0,0.5,10.583005244258363,0.18402058011433012
340,2022/23,1.5,0.75,0.0,1.0,13.2664991614216,0.2548821837884338
341,2022/23,1.5,0.75,0.5,1.0,12.96148139681572,0.24766240703740705
342,2022/23,1.5,0.75,1.0,1.0,13.711309200802088,0.22720872877122877
343,2022/23,1.5,1.0,0.0,0.0,8.94427190999916,0.16023863289488288
344,2022/23,1.5,1.0,0.5,0.0,9.16515138991168,0.19302381646131647
345,2022/23,1.5,1.0,1.0,0.0,8.48528137423857,0.17827294233544233
346,2022/23,1.5,1.0,0.0,0.5,10.295630140987,0.19764393592518592
347,2022/23,1.5,1.0,0.5,0.5,11.40175425099138,0.2207736707736708
348,2022/23,1.5,1.0,1.0,0.5,11.224972160321824,0.1992449390886891
349,2022/23,1.5,1.0,0.0,1.0,13.2664991614216,0.2548821837884338
350,2022/23,1.5,1.0,0.5,1.0,13.564659966250536,0.24338890276390276
351,2022/23,1.5,1.0,1.0,1.0,13.341664064126334,0.2350546155233655
352,2022/23,1.5,1.25,0.0,0.0,8.831760866327848,0.15994101384726384
353,2022/23,1.5,1.25,0.5,0.0,8.602325267042627,0.1834357482794983
354,2022/23,1.5,1.25,1.0,0.0,9.273618495495704,0.1934973013098013
355,2022/23,1.5,1.25,0.0,0.5,10.392304845413264,0.19399203227328227
356,2022/23,1.5,1.25,0.5,0.5,11.74734012447073,0.22494033744033745
357,2022/23,1.5,1.25,1.0,0.5,10.677078252031311,0.20104782370407367
358,2022/23,1.5,1.25,0.0,1.0,13.856406460551018,0.2721898760961261
359,2022/23,1.5,1.25,0.5,1.0,13.564659966250536,0.24338890276390276
360,2022/23,1.5,1.25,1.0,1.0,13.416407864998739,0.23381930569430567
361,2022/23,1.5,1.5,0.0,0.0,8.831760866327848,0.15994101384726384
362,2022/23,1.5,1.5,0.5,0.0,9.591663046625438,0.19572970432345432
363,2022/23,1.5,1.5,1.0,0.0,8.831760866327848,0.184382717976468
364,2022/23,1.5,1.5,0.0,0.5,9.38083151964686,0.1748158959096459
365,2022/23,1.5,1.5,0.5,0.5,11.575836902790225,0.21264733530358532
366,2022/23,1.5,1.5,1.0,0.5,11.045361017187261,0.19038314116439117
367,2022/23,1.5,1.5,0.0,1.0,13.711309200802088,0.2563168602231102
368,2022/23,1.5,1.5,0.5,1.0,13.564659966250536,0.24338890276390276
369,2022/23,1.5,1.5,1.0,1.0,13.416407864998739,0.23381930569430567
370,2022/23,1.5,1.75,0.0,0.0,8.94427190999916,0.15556127899877897
371,2022/23,1.5,1.75,0.5,0.0,9.055385138137417,0.18631750194250193
372,2022/23,1.5,1.75,1.0,0.0,8.246211251235321,0.17479464979464981
373,2022/23,1.5,1.75,0.0,0.5,9.38083151964686,0.1748158959096459
374,2022/23,1.5,1.75,0.5,0.5,10.295630140987,0.1884759337884338
375,2022/23,1.5,1.75,1.0,0.5,10.677078252031311,0.1916852244977245
376,2022/23,1.5,1.75,0.0,1.0,13.638181696985855,0.25584337537462537
377,2022/23,1.5,1.75,0.5,1.0,14.422205101855956,0.2648632617382617
378,2022/23,1.5,1.75,1.0,1.0,13.416407864998739,0.23381930569430567
379,2022/23,1.75,0.25,0.0,0.0,8.12403840463596,0.13340843184593185
380,2022/23,1.75,0.25,0.5,0.0,9.797958971132712,0.1495253878066378
381,2022/23,1.75,0.25,1.0,0.0,11.489125293076057,0.1906798063048063
382,2022/23,1.75,0.25,0.0,0.5,11.135528725660043,0.19143243908868912
383,2022/23,1.75,0.25,0.5,0.5,12.0,0.19361020923520925
384,2022/23,1.75,0.25,1.0,0.5,12.328828005937952,0.20570956820956823
385,2022/23,1.75,0.25,0.0,1.0,13.711309200802088,0.25218548812298813
386,2022/23,1.75,0.25,0.5,1.0,14.0,0.25722628066378067
387,2022/23,1.75,0.25,1.0,1.0,14.2828568570857,0.2527457785270285
388,2022/23,1.75,0.5,0.0,0.0,7.483314773547883,0.1366994116994117
389,2022/23,1.75,0.5,0.5,0.0,8.12403840463596,0.1418804285991786
390,2022/23,1.75,0.5,1.0,0.0,9.899494936611665,0.1712143759018759
391,2022/23,1.75,0.5,0.0,0.5,11.489125293076057,0.2075582403707404
392,2022/23,1.75,0.5,0.5,0.5,11.40175425099138,0.21174493908868908
393,2022/23,1.75,0.5,1.0,0.5,11.74734012447073,0.20518873487623487
394,2022/23,1.75,0.5,0.0,1.0,12.569805089976535,0.2430222555222555
395,2022/23,1.75,0.5,0.5,1.0,14.0,0.2589547605172605
396,2022/23,1.75,0.5,1.0,1.0,14.422205101855956,0.2563172070984571
397,2022/23,1.75,0.75,0.0,0.0,9.055385138137417,0.1656600344100344
398,2022/23,1.75,0.75,0.5,0.0,8.12403840463596,0.15796044233544232
399,2022/23,1.75,0.75,1.0,0.0,9.273618495495704,0.1872199848762349
400,2022/23,1.75,0.75,0.0,0.5,11.40175425099138,0.22728408744033746
401,2022/23,1.75,0.75,0.5,0.5,11.832159566199232,0.2259276313963814
402,2022/23,1.75,0.75,1.0,0.5,10.954451150103322,0.19235391344766345
403,2022/23,1.75,0.75,0.0,1.0,12.96148139681572,0.25701893592518593
404,2022/23,1.75,0.75,0.5,1.0,13.19090595827292,0.24676096472971473
405,2022/23,1.75,0.75,1.0,1.0,14.352700094407323,0.24004355019980023
406,2022/23,1.75,1.0,0.0,0.0,8.94427190999916,0.16023863289488288
407,2022/23,1.75,1.0,0.5,0.0,9.16515138991168,0.19302381646131647
408,2022/23,1.75,1.0,1.0,0.0,8.831760866327848,0.17737150002775004
409,2022/23,1.75,1.0,0.0,0.5,11.135528725660043,0.21790908744033743
410,2022/23,1.75,1.0,0.5,0.5,10.862780491200215,0.20703740703740706
411,2022/23,1.75,1.0,1.0,0.5,11.224972160321824,0.1992449390886891
412,2022/23,1.75,1.0,0.0,1.0,13.2664991614216,0.2548821837884338
413,2022/23,1.75,1.0,0.5,1.0,13.711309200802088,0.2592619186369186
414,2022/23,1.75,1.0,1.0,1.0,14.0,0.23137539543789543
415,2022/23,1.75,1.25,0.0,0.0,8.94427190999916,0.16023863289488288
416,2022/23,1.75,1.25,0.5,0.0,9.16515138991168,0.19302381646131647
417,2022/23,1.75,1.25,1.0,0.0,8.48528137423857,0.17827294233544233
418,2022/23,1.75,1.25,0.0,0.5,10.488088481701515,0.19446551712176713
419,2022/23,1.75,1.25,0.5,0.5,11.74734012447073,0.22494033744033745
420,2022/23,1.75,1.25,1.0,0.5,10.677078252031311,0.20104782370407367
421,2022/23,1.75,1.25,0.0,1.0,13.856406460551018,0.2721898760961261
422,2022/23,1.75,1.25,0.5,1.0,13.564659966250536,0.24338890276390276
423,2022/23,1.75,1.25,1.0,1.0,13.341664064126334,0.2350546155233655
424,2022/23,1.75,1.5,0.0,0.0,8.831760866327848,0.15994101384726384
425,2022/23,1.75,1.5,0.5,0.0,9.273618495495704,0.19717201201576204
426,2022/23,1.75,1.5,1.0,0.0,9.273618495495704,0.1934973013098013
427,2022/23,1.75,1.5,0.0,0.5,10.392304845413264,0.19399203227328227
428,2022/23,1.75,1.5,0.5,0.5,11.224972160321824,0.21478408744033745
429,2022/23,1.75,1.5,1.0,0.5,11.224972160321824,0.20625615703740702
430,2022/23,1.75,1.5,0.0,1.0,13.711309200802088,0.2563168602231102
431,2022/23,1.75,1.5,0.5,1.0,13.564659966250536,0.24338890276390276
432,2022/23,1.75,1.5,1.0,1.0,13.416407864998739,0.23381930569430567
433,2022/23,1.75,1.75,0.0,0.0,9.38083151964686,0.16467586233211232
434,2022/23,1.75,1.75,0.5,0.0,9.591663046625438,0.19572970432345432
435,2022/23,1.75,1.75,1.0,0.0,8.831760866327848,0.184382717976468
436,2022/23,1.75,1.75,0.0,0.5,9.273618495495704,0.17424771409146408
437,2022/23,1.75,1.75,0.5,0.5,11.575836902790225,0.21264733530358532
438,2022/23,1.75,1.75,1.0,0.5,11.045361017187261,0.19038314116439117
439,2022/23,1.75,1.75,0.0,1.0,13.711309200802088,0.2563168602231102
440,2022/23,1.75,1.75,0.5,1.0,14.422205101855956,0.2648632617382617
441,2022/23,1.75,1.75,1.0,1.0,13.416407864998739,0.23381930569430567
1,2023/24,0.25,0.25,0.0,0.0,7.3484692283495345,0.1560198482073482
2,2023/24,0.25,0.25,0.5,0.0,8.12403840463596,0.14311920718170718
3,2023/24,0.25,0.25,1.0,0.0,8.717797887081348,0.19698825480075483
4,2023/24,0.25,0.25,0.0,0.5,8.717797887081348,0.2259152306027306
5,2023/24,0.25,0.25,0.5,0.5,7.745966692414834,0.14771357115107114
6,2023/24,0.25,0.25,1.0,0.5,8.94427190999916,0.25860372266622267
7,2023/24,0.25,0.25,0.0,1.0,8.717797887081348,0.22130213536463536
8,2023/24,0.25,0.25,0.5,1.0,8.717797887081348,0.20220491314241312
9,2023/24,0.25,0.25,1.0,1.0,8.94427190999916,0.2214013417138417
10,2023/24,0.25,0.5,0.0,0.0,7.3484692283495345,0.16435318154068151
11,2023/24,0.25,0.5,0.5,0.0,7.745966692414834,0.2216448482073482
12,2023/24,0.25,0.5,1.0,0.0,8.48528137423857,0.24207754051504052
13,2023/24,0.25,0.5,0.0,0.5,7.615773105863909,0.16274333305583305
14,2023/24,0.25,0.5,0.5,0.5,8.246211251235321,0.24146357115107114
15,2023/24,0.25,0.5,1.0,0.5,7.874007874011811,0.22524333305583305
16,2023/24,0.25,0.5,0.0,1.0,8.366600265340756,0.18484380203130202
17,2023/24,0.25,0.5,0.5,1.0,8.246211251235321,0.23978087884337884
18,2023/24,0.25,0.5,1.0,1.0,8.717797887081348,0.2868504759129759
19,2023/24,0.25,0.75,0.0,0.0,7.615773105863909,0.21122818154068154
20,2023/24,0.25,0.75,0.5,0.0,7.745966692414834,0.2216448482073482
21,2023/24,0.25,0.75,1.0,0.0,7.745966692414834,0.2216448482073482
22,2023/24,0.25,0.75,0.0,0.5,7.874007874011811,0.18417190448440446
23,2023/24,0.25,0.75,0.5,0.5,8.48528137423857,0.2408225455100455
24,2023/24,0.25,0.75,1.0,0.5,8.12403840463596,0.22060318154068154
25,2023/24,0.25,0.75,0.0,1.0,8.602325267042627,0.1892352439227439
26,2023/24,0.25,0.75,0.5,1.0,9.055385138137417,0.28100111693861696
27,2023/24,0.25,0.75,1.0,1.0,9.055385138137417,0.28100111693861696
28,2023/24,0.25,1.0,0.0,0.0,7.615773105863909,0.22204548923298922
29,2023/24,0.25,1.0,0.5,0.0,7.615773105863909,0.22204548923298922
30,2023/24,0.25,1.0,1.0,0.0,7.615773105863909,0.22204548923298922
31,2023/24,0.25,1.0,0.0,0.5,8.12403840463596,0.23104690448440446
32,2023/24,0.25,1.0,0.5,0.5,8.366600265340756,0.24122318653568656
33,2023/24,0.25,1.0,1.0,0.5,8.246211251235321,0.22036279692529692
34,2023/24,0.25,1.0,0.0,1.0,8.831760866327848,0.26016778360528364
35,2023/24,0.25,1.0,0.5,1.0,8.94427190999916,0.281401757964258
36,2023/24,0.25,1.0,1.0,1.0,8.94427190999916,0.281401757964258
37,2023/24,0.25,1.25,0.0,0.0,7.874007874011811,0.23041602494727495
38,2023/24,0.25,1.25,0.5,0.0,7.874007874011811,0.23041602494727495
39,2023/24,0.25,1.25,1.0,0.0,8.0,0.26579548923298923
40,2023/24,0.25,1.25,0.0,0.5,8.366600265340756,0.24122318653568656
41,2023/24,0.25,1.25,0.5,0.5,8.602325267042627,0.24959372224997226
42,2023/24,0.25,1.25,1.0,0.5,8.602325267042627,0.26411279692529693
43,2023/24,0.25,1.25,0.0,1.0,9.38083151964686,0.30034635503385504
44,2023/24,0.25,1.25,0.5,1.0,9.899494936611665,0.2959850912975913
45,2023/24,0.25,1.25,1.0,1.0,8.94427190999916,0.281401757964258
46,2023/24,0.25,1.5,0.0,0.0,7.874007874011811,0.23041602494727495
47,2023/24,0.25,1.5,0.5,0.0,7.874007874011811,0.23041602494727495
48,2023/24,0.25,1.5,1.0,0.0,8.246211251235321,0.27416602494727493
49,2023/24,0.25,1.5,0.0,0.5,8.602325267042627,0.24959372224997226
50,2023/24,0.25,1.5,0.5,0.5,8.717797887081348,0.2501619040681541
51,2023/24,0.25,1.5,1.0,0.5,8.831760866327848,0.27248333263958263
52,2023/24,0.25,1.5,0.0,1.0,10.295630140987,0.3257469960594961
53,2023/24,0.25,1.5,0.5,1.0,10.099504938362077,0.304355627011877
54,2023/24,0.25,1.5,1.0,1.0,9.591663046625438,0.284927398989899
55,2023/24,0.25,1.75,0.0,0.0,7.874007874011811,0.23041602494727495
56,2023/24,0.25,1.75,0.5,0.0,7.874007874011811,0.23041602494727495
57,2023/24,0.25,1.75,1.0,0.0,8.48528137423857,0.2735249993062493
58,2023/24,0.25,1.75,0.0,0.5,8.602325267042627,0.24959372224997226
59,2023/24,0.25,1.75,0.5,0.5,8.831760866327848,0.27248333263958263
60,2023/24,0.25,1.75,1.0,0.5,8.831760866327848,0.27248333263958263
61,2023/24,0.25,1.75,0.0,1.0,10.488088481701515,0.3341175317737818
62,2023/24,0.25,1.75,0.5,1.0,10.099504938362077,0.304355627011877
63,2023/24,0.25,1.75,1.0,1.0,9.797958971132712,0.2932979347041847
64,2023/24,0.5,0.25,0.0,0.0,7.0710678118654755,0.15097905566655567
65,2023/24,0.5,0.25,0.5,0.0,8.12403840463596,0.14311920718170718
66,2023/24,0.5,0.25,1.0,0.0,9.38083151964686,0.15291427322677323
67,2023/24,0.5,0.25,0.0,0.5,8.246211251235321,0.23181800838050837
68,2023/24,0.5,0.25,0.5,0.5,8.48528137423857,0.1416852244977245
69,2023/24,0.5,0.25,1.0,0.5,9.591663046625438,0.18454236735486734
70,2023/24,0.5,0.25,0.0,1.0,8.366600265340756,0.22055808774558774
71,2023/24,0.5,0.25,0.5,1.0,9.486832980505138,0.2257168179043179
72,2023/24,0.5,0.25,1.0,1.0,8.831760866327848,0.19312753219003218
73,2023/24,0.5,0.5,0.0,0.0,8.12403840463596,0.14311920718170718
74,2023/24,0.5,0.5,0.5,0.0,8.48528137423857,0.22645254051504052
75,2023/24,0.5,0.5,1.0,0.0,8.48528137423857,0.24207754051504052
76,2023/24,0.5,0.5,0.0,0.5,7.483314773547883,0.12628499972249974
77,2023/24,0.5,0.5,0.5,0.5,7.874007874011811,0.18417190448440446
78,2023/24,0.5,0.5,1.0,0.5,7.874007874011811,0.22524333305583305
79,2023/24,0.5,0.5,0.0,1.0,9.055385138137417,0.2386632464757465
80,2023/24,0.5,0.5,0.5,1.0,8.717797887081348,0.20220491314241312
81,2023/24,0.5,0.5,1.0,1.0,8.246211251235321,0.24684777028527027
82,2023/24,0.5,0.75,0.0,0.0,7.3484692283495345,0.16435318154068151
83,2023/24,0.5,0.75,0.5,0.0,8.602325267042627,0.23686920718170718
84,2023/24,0.5,0.75,1.0,0.0,8.602325267042627,0.23686920718170718
85,2023/24,0.5,0.75,0.0,0.5,7.874007874011811,0.18417190448440446
86,2023/24,0.5,0.75,0.5,0.5,8.246211251235321,0.24146357115107114
87,2023/24,0.5,0.75,1.0,0.5,8.0,0.22003499972249974
88,2023/24,0.5,0.75,0.0,1.0,8.48528137423857,0.20619571400821401
89,2023/24,0.5,0.75,0.5,1.0,8.246211251235321,0.23978087884337884
90,2023/24,0.5,0.75,1.0,1.0,8.48528137423857,0.28580880924630925
91,2023/24,0.5,1.0,0.0,0.0,7.615773105863909,0.21122818154068154
92,2023/24,0.5,1.0,0.5,0.0,7.745966692414834,0.2216448482073482
93,2023/24,0.5,1.0,1.0,0.0,8.602325267042627,0.23686920718170718
94,2023/24,0.5,1.0,0.0,0.5,8.12403840463596,0.23104690448440446
95,2023/24,0.5,1.0,0.5,0.5,8.246211251235321,0.24146357115107114
96,2023/24,0.5,1.0,1.0,0.5,8.0,0.22003499972249974
97,2023/24,0.5,1.0,0.0,1.0,8.717797887081348,0.20555468836718838
98,2023/24,0.5,1.0,0.5,1.0,8.831760866327848,0.2799594502719503
99,2023/24,0.5,1.0,1.0,1.0,9.055385138137417,0.28100111693861696
100,2023/24,0.5,1.25,0.0,0.0,7.745966692414834,0.2216448482073482
101,2023/24,0.5,1.25,0.5,0.0,7.745966692414834,0.2216448482073482
102,2023/24,0.5,1.25,1.0,0.0,7.745966692414834,0.2216448482073482
103,2023/24,0.5,1.25,0.0,0.5,8.12403840463596,0.23104690448440446
104,2023/24,0.5,1.25,0.5,0.5,8.366600265340756,0.24122318653568656
105,2023/24,0.5,1.25,1.0,0.5,8.366600265340756,0.2199621558996559
106,2023/24,0.5,1.25,0.0,1.0,8.831760866327848,0.26016778360528364
107,2023/24,0.5,1.25,0.5,1.0,8.94427190999916,0.281401757964258
108,2023/24,0.5,1.25,1.0,1.0,8.94427190999916,0.281401757964258
109,2023/24,0.5,1.5,0.0,0.0,7.615773105863909,0.22204548923298922
110,2023/24,0.5,1.5,0.5,0.0,7.615773105863909,0.22204548923298922
111,2023/24,0.5,1.5,1.0,0.0,7.615773105863909,0.22204548923298922
112,2023/24,0.5,1.5,0.0,0.5,8.246211251235321,0.24146357115107114
113,2023/24,0.5,1.5,0.5,0.5,8.366600265340756,0.24122318653568656
114,2023/24,0.5,1.5,1.0,0.5,8.246211251235321,0.22036279692529692
115,2023/24,0.5,1.5,0.0,1.0,9.38083151964686,0.30034635503385504
116,2023/24,0.5,1.5,0.5,1.0,8.602325267042627,0.27034406565656566
117,2023/24,0.5,1.5,1.0,1.0,8.94427190999916,0.281401757964258
118,2023/24,0.5,1.75,0.0,0.0,7.874007874011811,0.23041602494727495
119,2023/24,0.5,1.75,0.5,0.0,7.874007874011811,0.23041602494727495
120,2023/24,0.5,1.75,1.0,0.0,8.0,0.26579548923298923
121,2023/24,0.5,1.75,0.0,0.5,8.366600265340756,0.24122318653568656
122,2023/24,0.5,1.75,0.5,0.5,8.12403840463596,0.21979461510711512
123,2023/24,0.5,1.75,1.0,0.5,8.246211251235321,0.22036279692529692
124,2023/24,0.5,1.75,0.0,1.0,9.38083151964686,0.31116366272616275
125,2023/24,0.5,1.75,0.5,1.0,9.591663046625438,0.284927398989899
126,2023/24,0.5,1.75,1.0,1.0,9.591663046625438,0.284927398989899
127,2023/24,0.75,0.25,0.0,0.0,7.3484692283495345,0.184312388999889
128,2023/24,0.75,0.25,0.5,0.0,6.928203230275509,0.12285405566655565
129,2023/24,0.75,0.25,1.0,0.0,9.38083151964686,0.15291427322677323
130,2023/24,0.75,0.25,0.0,0.5,8.48528137423857,0.2414906274281274
131,2023/24,0.75,0.25,0.5,0.5,8.831760866327848,0.2041581682206682
132,2023/24,0.75,0.25,1.0,0.5,9.055385138137417,0.1623697483072483
133,2023/24,0.75,0.25,0.0,1.0,8.48528137423857,0.23774333305583306
134,2023/24,0.75,0.25,0.5,1.0,8.717797887081348,0.2151242854367854
135,2023/24,0.75,0.25,1.0,1.0,10.0,0.24076531107781107
136,2023/24,0.75,0.5,0.0,0.0,6.782329983125268,0.12228587384837383
137,2023/24,0.75,0.5,0.5,0.0,8.246211251235321,0.1795775405150405
138,2023/24,0.75,0.5,1.0,0.0,8.48528137423857,0.24207754051504052
139,2023/24,0.75,0.5,0.0,0.5,7.0710678118654755,0.16750523781773782
140,2023/24,0.75,0.5,0.5,0.5,8.12403840463596,0.140467692030192
141,2023/24,0.75,0.5,1.0,0.5,8.831760866327848,0.1948102244977245
142,2023/24,0.75,0.5,0.0,1.0,8.48528137423857,0.2282465798090798
143,2023/24,0.75,0.5,0.5,1.0,8.94427190999916,0.2118775321900322
144,2023/24,0.75,0.5,1.0,1.0,9.055385138137417,0.24491324647574647
145,2023/24,0.75,0.75,0.0,0.0,8.246211251235321,0.1795775405150405
146,2023/24,0.75,0.75,0.5,0.0,8.602325267042627,0.23686920718170718
147,2023/24,0.75,0.75,1.0,0.0,8.602325267042627,0.23686920718170718
148,2023/24,0.75,0.75,0.0,0.5,7.615773105863909,0.16274333305583305
149,2023/24,0.75,0.75,0.5,0.5,7.874007874011811,0.20961833305583305
150,2023/24,0.75,0.75,1.0,0.5,7.874007874011811,0.22524333305583305
151,2023/24,0.75,0.75,0.0,1.0,8.717797887081348,0.20220491314241312
152,2023/24,0.75,0.75,0.5,1.0,7.483314773547883,0.14667190448440448
153,2023/24,0.75,0.75,1.0,1.0,8.246211251235321,0.24684777028527027
154,2023/24,0.75,1.0,0.0,0.0,8.246211251235321,0.1795775405150405
155,2023/24,0.75,1.0,0.5,0.0,8.602325267042627,0.23686920718170718
156,2023/24,0.75,1.0,1.0,0.0,8.602325267042627,0.23686920718170718
157,2023/24,0.75,1.0,0.0,0.5,7.874007874011811,0.18417190448440446
158,2023/24,0.75,1.0,0.5,0.5,8.246211251235321,0.24146357115107114
159,2023/24,0.75,1.0,1.0,0.5,8.0,0.22003499972249974
160,2023/24,0.75,1.0,0.0,1.0,8.48528137423857,0.20619571400821401
161,2023/24,0.75,1.0,0.5,1.0,8.246211251235321,0.23978087884337884
162,2023/24,0.75,1.0,1.0,1.0,8.48528137423857,0.28580880924630925
163,2023/24,0.75,1.25,0.0,0.0,7.615773105863909,0.21122818154068154
164,2023/24,0.75,1.25,0.5,0.0,8.602325267042627,0.23686920718170718
165,2023/24,0.75,1.25,1.0,0.0,8.602325267042627,0.23686920718170718
166,2023/24,0.75,1.25,0.0,0.5,8.12403840463596,0.23104690448440446
167,2023/24,0.75,1.25,0.5,0.5,8.246211251235321,0.24146357115107114
168,2023/24,0.75,1.25,1.0,0.5,8.0,0.22003499972249974
169,2023/24,0.75,1.25,0.0,1.0,8.717797887081348,0.20555468836718838
170,2023/24,0.75,1.25,0.5,1.0,8.831760866327848,0.2799594502719503
171,2023/24,0.75,1.25,1.0,1.0,8.831760866327848,0.2799594502719503
172,2023/24,0.75,1.5,0.0,0.0,7.615773105863909,0.21122818154068154
173,2023/24,0.75,1.5,0.5,0.0,7.745966692414834,0.2216448482073482
174,2023/24,0.75,1.5,1.0,0.0,7.745966692414834,0.2216448482073482
175,2023/24,0.75,1.5,0.0,0.5,7.745966692414834,0.23208857115107118
176,2023/24,0.75,1.5,0.5,0.5,8.48528137423857,0.2408225455100455
177,2023/24,0.75,1.5,1.0,0.5,8.366600265340756,0.2199621558996559
178,2023/24,0.75,1.5,0.0,1.0,8.602325267042627,0.2591261169386169
179,2023/24,0.75,1.5,0.5,1.0,8.831760866327848,0.2799594502719503
180,2023/24,0.75,1.5,1.0,1.0,9.055385138137417,0.28100111693861696
181,2023/24,0.75,1.75,0.0,0.0,7.745966692414834,0.2216448482073482
182,2023/24,0.75,1.75,0.5,0.0,7.615773105863909,0.22204548923298922
183,2023/24,0.75,1.75,1.0,0.0,7.745966692414834,0.2216448482073482
184,2023/24,0.75,1.75,0.0,0.5,8.246211251235321,0.24146357115107114
185,2023/24,0.75,1.75,0.5,0.5,8.366600265340756,0.24122318653568656
186,2023/24,0.75,1.75,1.0,0.5,8.246211251235321,0.22036279692529692
187,2023/24,0.75,1.75,0.0,1.0,8.602325267042627,0.2591261169386169
188,2023/24,0.75,1.75,0.5,1.0,8.602325267042627,0.27034406565656566
189,2023/24,0.75,1.75,1.0,1.0,8.94427190999916,0.281401757964258
190,2023/24,1.0,0.25,0.0,0.0,6.782329983125268,0.16374961843711844
191,2023/24,1.0,0.25,0.5,0.0,7.874007874011811,0.16320849289599287
192,2023/24,1.0,0.25,1.0,0.0,9.486832980505138,0.15246784465534463
193,2023/24,1.0,0.25,0.0,0.5,9.055385138137417,0.2565391206016206
194,2023/24,1.0,0.25,0.5,0.5,8.831760866327848,0.2041581682206682
195,2023/24,1.0,0.25,1.0,0.5,9.38083151964686,0.2145748348873349
196,2023/24,1.0,0.25,0.0,1.0,8.94427190999916,0.24845761877011874
197,2023/24,1.0,0.25,0.5,1.0,9.486832980505138,0.2303486444111444
198,2023/24,1.0,0.25,1.0,1.0,10.0,0.24076531107781107
199,2023/24,1.0,0.5,0.0,0.0,6.782329983125268,0.12228587384837383
200,2023/24,1.0,0.5,0.5,0.0,6.928203230275509,0.12285405566655565
201,2023/24,1.0,0.5,1.0,0.0,9.695359714832659,0.25187260656010657
202,2023/24,1.0,0.5,0.0,0.5,7.0710678118654755,0.16750523781773782
203,2023/24,1.0,0.5,0.5,0.5,7.483314773547883,0.13005102536352536
204,2023/24,1.0,0.5,1.0,0.5,9.273618495495704,0.2141554625929626
205,2023/24,1.0,0.5,0.0,1.0,8.717797887081348,0.23791919885669882
206,2023/24,1.0,0.5,0.5,1.0,8.246211251235321,0.20098738067488064
207,2023/24,1.0,0.5,1.0,1.0,9.486832980505138,0.20787840631590632
208,2023/24,1.0,0.75,0.0,0.0,6.928203230275509,0.15874420718170718
209,2023/24,1.0,0.75,0.5,0.0,8.48528137423857,0.22645254051504052
210,2023/24,1.0,0.75,1.0,0.0,8.48528137423857,0.24207754051504052
211,2023/24,1.0,0.75,0.0,0.5,6.48074069840786,0.11482666638916639
212,2023/24,1.0,0.75,0.5,0.5,7.211102550927978,0.12524333305583307
213,2023/24,1.0,0.75,1.0,0.5,8.717797887081348,0.240467692030192
214,2023/24,1.0,0.75,0.0,1.0,8.246211251235321,0.19491324647574648
215,2023/24,1.0,0.75,0.5,1.0,8.246211251235321,0.17244300838050838
216,2023/24,1.0,0.75,1.0,1.0,8.246211251235321,0.20964538933288934
217,2023/24,1.0,1.0,0.0,0.0,6.928203230275509,0.15874420718170718
218,2023/24,1.0,1.0,0.5,0.0,8.602325267042627,0.23686920718170718
219,2023/24,1.0,1.0,1.0,0.0,8.602325267042627,0.23686920718170718
220,2023/24,1.0,1.0,0.0,0.5,7.874007874011811,0.18417190448440446
221,2023/24,1.0,1.0,0.5,0.5,8.0,0.22003499972249974
222,2023/24,1.0,1.0,1.0,0.5,8.717797887081348,0.240467692030192
223,2023/24,1.0,1.0,0.0,1.0,8.366600265340756,0.20098738067488064
224,2023/24,1.0,1.0,0.5,1.0,7.483314773547883,0.14667190448440448
225,2023/24,1.0,1.0,1.0,1.0,7.874007874011811,0.2456302378177378
226,2023/24,1.0,1.25,0.0,0.0,8.48528137423857,0.22645254051504052
227,2023/24,1.0,1.25,0.5,0.0,8.602325267042627,0.23686920718170718
228,2023/24,1.0,1.25,1.0,0.0,8.602325267042627,0.23686920718170718
229,2023/24,1.0,1.25,0.0,0.5,7.874007874011811,0.18417190448440446
230,2023/24,1.0,1.25,0.5,0.5,8.0,0.22003499972249974
231,2023/24,1.0,1.25,1.0,0.5,8.0,0.22003499972249974
232,2023/24,1.0,1.25,0.0,1.0,8.48528137423857,0.20619571400821401
233,2023/24,1.0,1.25,0.5,1.0,8.246211251235321,0.23978087884337884
234,2023/24,1.0,1.25,1.0,1.0,8.717797887081348,0.2851677836052836
235,2023/24,1.0,1.5,0.0,0.0,7.615773105863909,0.21122818154068154
236,2023/24,1.0,1.5,0.5,0.0,8.602325267042627,0.23686920718170718
237,2023/24,1.0,1.5,1.0,0.0,8.602325267042627,0.23686920718170718
238,2023/24,1.0,1.5,0.0,0.5,8.12403840463596,0.23104690448440446
239,2023/24,1.0,1.5,0.5,0.5,8.246211251235321,0.24146357115107114
240,2023/24,1.0,1.5,1.0,0.5,8.0,0.22003499972249974
241,2023/24,1.0,1.5,0.0,1.0,8.366600265340756,0.21225111693861692
242,2023/24,1.0,1.5,0.5,1.0,8.246211251235321,0.23978087884337884
243,2023/24,1.0,1.5,1.0,1.0,8.717797887081348,0.2851677836052836
244,2023/24,1.0,1.75,0.0,0.0,7.615773105863909,0.21122818154068154
245,2023/24,1.0,1.75,0.5,0.0,7.745966692414834,0.2216448482073482
246,2023/24,1.0,1.75,1.0,0.0,8.602325267042627,0.23686920718170718
247,2023/24,1.0,1.75,0.0,0.5,8.12403840463596,0.23104690448440446
248,2023/24,1.0,1.75,0.5,0.5,8.0,0.22003499972249974
249,2023/24,1.0,1.75,1.0,0.5,8.246211251235321,0.2193939740814741
250,2023/24,1.0,1.75,0.0,1.0,8.602325267042627,0.2591261169386169
251,2023/24,1.0,1.75,0.5,1.0,8.831760866327848,0.2799594502719503
252,2023/24,1.0,1.75,1.0,1.0,9.055385138137417,0.28100111693861696
253,2023/24,1.25,0.25,0.0,0.0,7.0710678118654755,0.17342223748473748
254,2023/24,1.25,0.25,0.5,0.0,7.745966692414834,0.16094929376179376
255,2023/24,1.25,0.25,1.0,0.0,10.295630140987,0.15883803696303697
256,2023/24,1.25,0.25,0.0,0.5,8.12403840463596,0.216928730991231
257,2023/24,1.25,0.25,0.5,0.5,8.831760866327848,0.2041581682206682
258,2023/24,1.25,0.25,1.0,0.5,9.38083151964686,0.2145748348873349
259,2023/24,1.25,0.25,0.0,1.0,8.94427190999916,0.24845761877011874
260,2023/24,1.25,0.25,0.5,1.0,9.486832980505138,0.2303486444111444
261,2023/24,1.25,0.25,1.0,1.0,9.591663046625438,0.2110034063159063
262,2023/24,1.25,0.5,0.0,0.0,6.928203230275509,0.15041087384837384
263,2023/24,1.25,0.5,0.5,0.0,6.928203230275509,0.12285405566655565
264,2023/24,1.25,0.5,1.0,0.0,9.486832980505138,0.20499760656010657
265,2023/24,1.25,0.5,0.0,0.5,8.12403840463596,0.18300015956265955
266,2023/24,1.25,0.5,0.5,0.5,8.0,0.14046769203019202
267,2023/24,1.25,0.5,1.0,0.5,9.273618495495704,0.2141554625929626
268,2023/24,1.25,0.5,0.0,1.0,8.602325267042627,0.23744571400821401
269,2023/24,1.25,0.5,0.5,1.0,8.246211251235321,0.2044099997224997
270,2023/24,1.25,0.5,1.0,1.0,9.486832980505138,0.20787840631590632
271,2023/24,1.25,0.75,0.0,0.0,6.928203230275509,0.15874420718170718
272,2023/24,1.25,0.75,0.5,0.0,7.0710678118654755,0.15931238899988898
273,2023/24,1.25,0.75,1.0,0.0,8.48528137423857,0.24207754051504052
274,2023/24,1.25,0.75,0.0,0.5,6.48074069840786,0.11482666638916639
275,2023/24,1.25,0.75,0.5,0.5,7.483314773547883,0.13005102536352536
276,2023/24,1.25,0.75,1.0,0.5,8.831760866327848,0.2406435578310578
277,2023/24,1.25,0.75,0.0,1.0,8.48528137423857,0.20458586552336552
278,2023/24,1.25,0.75,0.5,1.0,7.745966692414834,0.1712254759129759
279,2023/24,1.25,0.75,1.0,1.0,9.695359714832659,0.2596641206016206
280,2023/24,1.25,1.0,0.0,0.0,6.928203230275509,0.15874420718170718
281,2023/24,1.25,1.0,0.5,0.0,8.602325267042627,0.23686920718170718
282,2023/24,1.25,1.0,1.0,0.0,8.602325267042627,0.23686920718170718
283,2023/24,1.25,1.0,0.0,0.5,6.6332495807108,0.1512849997224997
284,2023/24,1.25,1.0,0.5,0.5,7.3484692283495345,0.1617016663891664
285,2023/24,1.25,1.0,1.0,0.5,8.717797887081348,0.240467692030192
286,2023/24,1.25,1.0,0.0,1.0,7.745966692414834,0.190570714008214
287,2023/24,1.25,1.0,0.5,1.0,7.874007874011811,0.1712254759129759
288,2023/24,1.25,1.0,1.0,1.0,8.48528137423857,0.25652038933288934
289,2023/24,1.25,1.25,0.0,0.0,6.928203230275509,0.15874420718170718
290,2023/24,1.25,1.25,0.5,0.0,8.602325267042627,0.23686920718170718
291,2023/24,1.25,1.25,1.0,0.0,8.602325267042627,0.23686920718170718
292,2023/24,1.25,1.25,0.0,0.5,7.615773105863909,0.1831302378177378
293,2023/24,1.25,1.25,0.5,0.5,8.0,0.22003499972249974
294,2023/24,1.25,1.25,1.0,0.5,7.874007874011811,0.22524333305583305
295,2023/24,1.25,1.25,0.0,1.0,8.48528137423857,0.20619571400821401
296,2023/24,1.25,1.25,0.5,1.0,7.483314773547883,0.14667190448440448
297,2023/24,1.25,1.25,1.0,1.0,7.874007874011811,0.2456302378177378
298,2023/24,1.25,1.5,0.0,0.0,8.48528137423857,0.22645254051504052
299,2023/24,1.25,1.5,0.5,0.0,8.602325267042627,0.23686920718170718
300,2023/24,1.25,1.5,1.0,0.0,8.602325267042627,0.23686920718170718
301,2023/24,1.25,1.5,0.0,0.5,7.874007874011811,0.18417190448440446
302,2023/24,1.25,1.5,0.5,0.5,8.0,0.22003499972249974
303,2023/24,1.25,1.5,1.0,0.5,8.0,0.22003499972249974
304,2023/24,1.25,1.5,0.0,1.0,8.48528137423857,0.20619571400821401
305,2023/24,1.25,1.5,0.5,1.0,8.246211251235321,0.23978087884337884
306,2023/24,1.25,1.5,1.0,1.0,8.717797887081348,0.2851677836052836
307,2023/24,1.25,1.75,0.0,0.0,8.48528137423857,0.22645254051504052
308,2023/24,1.25,1.75,0.5,0.0,8.602325267042627,0.23686920718170718
309,2023/24,1.25,1.75,1.0,0.0,8.602325267042627,0.23686920718170718
310,2023/24,1.25,1.75,0.0,0.5,8.12403840463596,0.23104690448440446
311,2023/24,1.25,1.75,0.5,0.5,8.0,0.22003499972249974
312,2023/24,1.25,1.75,1.0,0.5,8.0,0.22003499972249974
313,2023/24,1.25,1.75,0.0,1.0,8.366600265340756,0.21225111693861692
314,2023/24,1.25,1.75,0.5,1.0,8.246211251235321,0.23978087884337884
315,2023/24,1.25,1.75,1.0,1.0,8.717797887081348,0.2851677836052836
316,2023/24,1.5,0.25,0.0,0.0,7.0710678118654755,0.17342223748473748
317,2023/24,1.5,0.25,0.5,0.0,8.246211251235321,0.15881254162504163
318,2023/24,1.5,0.25,1.0,0.0,10.392304845413264,0.18696303696303695
319,2023/24,1.5,0.25,0.0,0.5,8.602325267042627,0.22764301670551673
320,2023/24,1.5,0.25,0.5,0.5,8.366600265340756,0.19430968337218338
321,2023/24,1.5,0.25,1.0,0.5,9.486832980505138,0.21370677933177934
322,2023/24,1.5,0.25,0.0,1.0,8.94427190999916,0.24845761877011874
323,2023/24,1.5,0.25,0.5,1.0,9.486832980505138,0.2303486444111444
324,2023/24,1.5,0.25,1.0,1.0,9.695359714832659,0.21013535076035075
325,2023/24,1.5,0.5,0.0,0.0,6.324555320336759,0.12984810328560326
326,2023/24,1.5,0.5,0.5,0.0,6.782329983125268,0.11422310328560328
327,2023/24,1.5,0.5,1.0,0.0,9.486832980505138,0.20499760656010657
328,2023/24,1.5,0.5,0.0,0.5,8.366600265340756,0.1934438825063825
329,2023/24,1.5,0.5,0.5,0.5,8.366600265340756,0.1934438825063825
330,2023/24,1.5,0.5,1.0,0.5,9.055385138137417,0.21397959679209677
331,2023/24,1.5,0.5,0.0,1.0,8.48528137423857,0.23774333305583306
332,2023/24,1.5,0.5,0.5,1.0,9.486832980505138,0.2303486444111444
333,2023/24,1.5,0.5,1.0,1.0,9.591663046625438,0.2110034063159063
334,2023/24,1.5,0.75,0.0,0.0,6.782329983125268,0.12228587384837383
335,2023/24,1.5,0.75,0.5,0.0,7.0710678118654755,0.15931238899988898
336,2023/24,1.5,0.75,1.0,0.0,8.94427190999916,0.23994078837828836
337,2023/24,1.5,0.75,0.0,0.5,6.6332495807108,0.1429516663891664
338,2023/24,1.5,0.75,0.5,0.5,7.3484692283495345,0.1295775405150405
339,2023/24,1.5,0.75,1.0,0.5,9.273618495495704,0.2141554625929626
340,2023/24,1.5,0.75,0.0,1.0,8.366600265340756,0.20411238067488066
341,2023/24,1.5,0.75,0.5,1.0,7.745966692414834,0.1712254759129759
342,2023/24,1.5,0.75,1.0,1.0,9.591663046625438,0.25996173964923963
343,2023/24,1.5,1.0,0.0,0.0,6.928203230275509,0.15874420718170718
344,2023/24,1.5,1.0,0.5,0.0,8.0,0.21660405566655566
345,2023/24,1.5,1.0,1.0,0.0,8.602325267042627,0.23686920718170718
346,2023/24,1.5,1.0,0.0,0.5,6.48074069840786,0.11482666638916639
347,2023/24,1.5,1.0,0.5,0.5,8.12403840463596,0.140467692030192
348,2023/24,1.5,1.0,1.0,0.5,8.48528137423857,0.23942602536352534
349,2023/24,1.5,1.0,0.0,1.0,8.246211251235321,0.19491324647574648
350,2023/24,1.5,1.0,0.5,1.0,7.745966692414834,0.1712254759129759
351,2023/24,1.5,1.0,1.0,1.0,8.12403840463596,0.20917190448440448
352,2023/24,1.5,1.25,0.0,0.0,6.928203230275509,0.15874420718170718
353,2023/24,1.5,1.25,0.5,0.0,8.602325267042627,0.23686920718170718
354,2023/24,1.5,1.25,1.0,0.0,8.602325267042627,0.23686920718170718
355,2023/24,1.5,1.25,0.0,0.5,6.928203230275509,0.17271357115107114
356,2023/24,1.5,1.25,0.5,0.5,7.745966692414834,0.21899333305583307
357,2023/24,1.5,1.25,1.0,0.5,8.717797887081348,0.240467692030192
358,2023/24,1.5,1.25,0.0,1.0,7.745966692414834,0.190570714008214
359,2023/24,1.5,1.25,0.5,1.0,7.874007874011811,0.1712254759129759
360,2023/24,1.5,1.25,1.0,1.0,7.874007874011811,0.2456302378177378
361,2023/24,1.5,1.5,0.0,0.0,7.211102550927978,0.20561920718170718
362,2023/24,1.5,1.5,0.5,0.0,8.602325267042627,0.23686920718170718
363,2023/24,1.5,1.5,1.0,0.0,8.602325267042627,0.23686920718170718
364,2023/24,1.5,1.5,0.0,0.5,6.928203230275509,0.17271357115107114
365,2023/24,1.5,1.5,0.5,0.5,8.0,0.22003499972249974
366,2023/24,1.5,1.5,1.0,0.5,7.874007874011811,0.22524333305583305
367,2023/24,1.5,1.5,0.0,1.0,8.48528137423857,0.20619571400821401
368,2023/24,1.5,1.5,0.5,1.0,7.615773105863909,0.1987552378177378
369,2023/24,1.5,1.5,1.0,1.0,7.874007874011811,0.2456302378177378
370,2023/24,1.5,1.75,0.0,0.0,8.48528137423857,0.22645254051504052
371,2023/24,1.5,1.75,0.5,0.0,8.602325267042627,0.23686920718170718
372,2023/24,1.5,1.75,1.0,0.0,8.602325267042627,0.23686920718170718
373,2023/24,1.5,1.75,0.0,0.5,8.12403840463596,0.23104690448440446
374,2023/24,1.5,1.75,0.5,0.5,8.0,0.22003499972249974
375,2023/24,1.5,1.75,1.0,0.5,8.0,0.22003499972249974
376,2023/24,1.5,1.75,0.0,1.0,8.717797887081348,0.20555468836718838
377,2023/24,1.5,1.75,0.5,1.0,8.246211251235321,0.23978087884337884
378,2023/24,1.5,1.75,1.0,1.0,8.717797887081348,0.2851677836052836
379,2023/24,1.75,0.25,0.0,0.0,7.0710678118654755,0.17342223748473748
380,2023/24,1.75,0.25,0.5,0.0,8.94427190999916,0.17056467837717837
381,2023/24,1.75,0.25,1.0,0.0,10.392304845413264,0.18696303696303695
382,2023/24,1.75,0.25,0.0,0.5,8.602325267042627,0.22764301670551673
383,2023/24,1.75,0.25,0.5,0.5,8.48528137423857,0.19344162781662783
384,2023/24,1.75,0.25,1.0,0.5,9.486832980505138,0.21370677933177934
385,2023/24,1.75,0.25,0.0,1.0,8.94427190999916,0.24845761877011874
386,2023/24,1.75,0.25,0.5,1.0,9.486832980505138,0.2303486444111444
387,2023/24,1.75,0.25,1.0,1.0,9.695359714832659,0.21013535076035075
388,2023/24,1.75,0.5,0.0,0.0,6.324555320336759,0.12984810328560326
389,2023/24,1.75,0.5,0.5,0.0,6.782329983125268,0.11422310328560328
390,2023/24,1.75,0.5,1.0,0.0,9.273618495495704,0.20472704378954382
391,2023/24,1.75,0.5,0.0,0.5,7.874007874011811,0.18359539765789765
392,2023/24,1.75,0.5,0.5,0.5,8.831760866327848,0.2041581682206682
393,2023/24,1.75,0.5,1.0,0.5,9.055385138137417,0.19002126345876347
394,2023/24,1.75,0.5,0.0,1.0,8.48528137423857,0.23774333305583306
395,2023/24,1.75,0.5,0.5,1.0,9.486832980505138,0.2303486444111444
396,2023/24,1.75,0.5,1.0,1.0,9.591663046625438,0.2110034063159063
397,2023/24,1.75,0.75,0.0,0.0,6.782329983125268,0.12228587384837383
398,2023/24,1.75,0.75,0.5,0.0,6.928203230275509,0.12285405566655565
399,2023/24,1.75,0.75,1.0,0.0,9.695359714832659,0.25187260656010657
400,2023/24,1.75,0.75,0.0,0.5,7.874007874011811,0.18225611194361194
401,2023/24,1.75,0.75,0.5,0.5,7.615773105863909,0.13032158813408812
402,2023/24,1.75,0.75,1.0,0.5,9.16515138991168,0.21368197774447772
403,2023/24,1.75,0.75,0.0,1.0,8.366600265340756,0.20411238067488066
404,2023/24,1.75,0.75,0.5,1.0,7.874007874011811,0.17435047591297592
405,2023/24,1.75,0.75,1.0,1.0,9.591663046625438,0.25996173964923963
406,2023/24,1.75,1.0,0.0,0.0,6.928203230275509,0.15874420718170718
407,2023/24,1.75,1.0,0.5,0.0,7.3484692283495345,0.20618738899988898
408,2023/24,1.75,1.0,1.0,0.0,8.48528137423857,0.24207754051504052
409,2023/24,1.75,1.0,0.0,0.5,6.48074069840786,0.11482666638916639
410,2023/24,1.75,1.0,0.5,0.5,7.483314773547883,0.13005102536352536
411,2023/24,1.75,1.0,1.0,0.5,8.831760866327848,0.2406435578310578
412,2023/24,1.75,1.0,0.0,1.0,8.366600265340756,0.20411238067488066
413,2023/24,1.75,1.0,0.5,1.0,7.745966692414834,0.1712254759129759
414,2023/24,1.75,1.0,1.0,1.0,9.273618495495704,0.2489498348873349
415,2023/24,1.75,1.25,0.0,0.0,6.928203230275509,0.15874420718170718
416,2023/24,1.75,1.25,0.5,0.0,8.12403840463596,0.22702072233322232
417,2023/24,1.75,1.25,1.0,0.0,8.602325267042627,0.23686920718170718
418,2023/24,1.75,1.25,0.0,0.5,6.6332495807108,0.1512849997224997
419,2023/24,1.75,1.25,0.5,0.5,8.12403840463596,0.140467692030192
420,2023/24,1.75,1.25,1.0,0.5,8.717797887081348,0.240467692030192
421,2023/24,1.75,1.25,0.0,1.0,7.745966692414834,0.190570714008214
422,2023/24,1.75,1.25,0.5,1.0,7.0710678118654755,0.16033532439782439
423,2023/24,1.75,1.25,1.0,1.0,8.12403840463596,0.20917190448440448
424,2023/24,1.75,1.5,0.0,0.0,7.211102550927978,0.20561920718170718
425,2023/24,1.75,1.5,0.5,0.0,8.602325267042627,0.23686920718170718
426,2023/24,1.75,1.5,1.0,0.0,8.602325267042627,0.23686920718170718
427,2023/24,1.75,1.5,0.0,0.5,6.928203230275509,0.17271357115107114
428,2023/24,1.75,1.5,0.5,0.5,7.745966692414834,0.21899333305583307
429,2023/24,1.75,1.5,1.0,0.5,8.717797887081348,0.240467692030192
430,2023/24,1.75,1.5,0.0,1.0,7.745966692414834,0.190570714008214
431,2023/24,1.75,1.5,0.5,1.0,7.483314773547883,0.14667190448440448
432,2023/24,1.75,1.5,1.0,1.0,7.874007874011811,0.2456302378177378
433,2023/24,1.75,1.75,0.0,0.0,7.211102550927978,0.20561920718170718
434,2023/24,1.75,1.75,0.5,0.0,8.602325267042627,0.23686920718170718
435,2023/24,1.75,1.75,1.0,0.0,8.602325267042627,0.23686920718170718
436,2023/24,1.75,1.75,0.0,0.5,6.928203230275509,0.17271357115107114
437,2023/24,1.75,1.75,0.5,0.5,8.0,0.22003499972249974
438,2023/24,1.75,1.75,1.0,0.5,8.0,0.22003499972249974
439,2023/24,1.75,1.75,0.0,1.0,7.874007874011811,0.19577904734154733
440,2023/24,1.75,1.75,0.5,1.0,7.874007874011811,0.2456302378177378
441,2023/24,1.75,1.75,1.0,1.0,7.874007874011811,0.2456302378177378
1,2024/25,0.25,0.25,0.0,0.0,8.602325267042627,0.19245112526362526
2,2024/25,0.25,0.25,0.5,0.0,7.874007874011811,0.16689534423909425
3,2024/25,0.25,0.25,1.0,0.0,7.745966692414834,0.16746352605727607
4,2024/25,0.25,0.25,0.0,0.5,9.9498743710662,0.20438294344544344
5,2024/25,0.25,0.25,0.5,0.5,11.0,0.22959601162726162
6,2024/25,0.25,0.25,1.0,0.5,10.392304845413264,0.2286388958263958
7,2024/25,0.25,0.25,0.0,1.0,10.583005244258363,0.2098990419302919
8,2024/25,0.25,0.25,0.5,1.0,11.313708498984761,0.2216177919302919
9,2024/25,0.25,0.25,1.0,1.0,11.575836902790225,0.2359305624930625
10,2024/25,0.25,0.5,0.0,0.0,8.831760866327848,0.19240377677877676
11,2024/25,0.25,0.5,0.5,0.0,8.48528137423857,0.19874058233433234
12,2024/25,0.25,0.5,1.0,0.0,8.602325267042627,0.179306283993784
13,2024/25,0.25,0.5,0.0,0.5,10.04987562112089,0.20959127677877676
14,2024/25,0.25,0.5,0.5,0.5,10.954451150103322,0.22855434496059496
15,2024/25,0.25,0.5,1.0,0.5,11.313708498984761,0.23909501956376955
16,2024/25,0.25,0.5,0.0,1.0,10.770329614269007,0.2281282085969586
17,2024/25,0.25,0.5,0.5,1.0,11.0,0.2146733474858475
18,2024/25,0.25,0.5,1.0,1.0,11.269427669584644,0.22898611804861807
19,2024/25,0.25,0.75,0.0,0.0,8.831760866327848,0.19240377677877676
20,2024/25,0.25,0.75,0.5,0.0,8.602325267042627,0.1996086378898879
21,2024/25,0.25,0.75,1.0,0.0,9.16515138991168,0.21115152208902205
22,2024/25,0.25,0.75,0.0,0.5,10.04987562112089,0.20959127677877676
23,2024/25,0.25,0.75,0.5,0.5,10.770329614269007,0.22781029734154734
24,2024/25,0.25,0.75,1.0,0.5,11.357816691600547,0.2380533528971029
25,2024/25,0.25,0.75,0.0,1.0,10.770329614269007,0.2281282085969586
26,2024/25,0.25,0.75,0.5,1.0,9.848857801796104,0.1938772165334665
27,2024/25,0.25,0.75,1.0,1.0,11.180339887498949,0.22152084027084026
28,2024/25,0.25,1.0,0.0,0.0,8.831760866327848,0.19240377677877676
29,2024/25,0.25,1.0,0.5,0.0,8.888194417315589,0.20529045607170607
30,2024/25,0.25,1.0,1.0,0.0,9.591663046625438,0.21375568875568873
31,2024/25,0.25,1.0,0.0,0.5,10.04987562112089,0.20959127677877676
32,2024/25,0.25,1.0,0.5,0.5,9.746794344808963,0.21123043623043622
33,2024/25,0.25,1.0,1.0,0.5,11.135528725660043,0.23110890845265844
34,2024/25,0.25,1.0,0.0,1.0,10.392304845413264,0.21905082764457764
35,2024/25,0.25,1.0,0.5,1.0,9.848857801796104,0.1938772165334665
36,2024/25,0.25,1.0,1.0,1.0,10.816653826391969,0.2275228243978244
37,2024/25,0.25,1.25,0.0,0.0,8.831760866327848,0.19240377677877676
38,2024/25,0.25,1.25,0.5,0.0,8.94427190999916,0.21154045607170607
39,2024/25,0.25,1.25,1.0,0.0,9.539392014169456,0.20737942612942611
40,2024/25,0.25,1.25,0.0,0.5,9.797958971132712,0.2046805624930625
41,2024/25,0.25,1.25,0.5,0.5,9.746794344808963,0.21123043623043622
42,2024/25,0.25,1.25,1.0,0.5,10.583005244258363,0.23345265845265845
43,2024/25,0.25,1.25,0.0,1.0,10.04987562112089,0.2121063832001332
44,2024/25,0.25,1.25,0.5,1.0,9.433981132056603,0.19987920066045067
45,2024/25,0.25,1.25,1.0,1.0,10.63014581273465,0.2148965617715618
46,2024/25,0.25,1.5,0.0,0.0,8.0,0.18155308233433232
47,2024/25,0.25,1.5,0.5,0.0,8.831760866327848,0.21210863788988787
48,2024/25,0.25,1.5,1.0,0.0,10.14889156509222,0.21072764041514042
49,2024/25,0.25,1.5,0.0,0.5,9.797958971132712,0.2046805624930625
50,2024/25,0.25,1.5,0.5,0.5,9.746794344808963,0.21123043623043622
51,2024/25,0.25,1.5,1.0,0.5,10.488088481701515,0.23402084027084025
52,2024/25,0.25,1.5,0.0,1.0,10.344080432788601,0.23241888320013318
53,2024/25,0.25,1.5,0.5,1.0,9.433981132056603,0.19987920066045067
54,2024/25,0.25,1.5,1.0,1.0,10.63014581273465,0.2148965617715618
55,2024/25,0.25,1.75,0.0,0.0,8.366600265340756,0.1950474005161505
56,2024/25,0.25,1.75,0.5,0.0,8.602325267042627,0.21136459027084026
57,2024/25,0.25,1.75,1.0,0.0,10.14889156509222,0.21072764041514042
58,2024/25,0.25,1.75,0.0,0.5,9.797958971132712,0.2046805624930625
59,2024/25,0.25,1.75,0.5,0.5,9.746794344808963,0.21123043623043622
60,2024/25,0.25,1.75,1.0,0.5,9.899494936611665,0.22525347915972915
61,2024/25,0.25,1.75,0.0,1.0,10.246950765959598,0.23172443875568874
62,2024/25,0.25,1.75,0.5,1.0,9.433981132056603,0.19987920066045067
63,2024/25,0.25,1.75,1.0,1.0,10.488088481701515,0.20968822843822846
64,2024/25,0.5,0.25,0.0,0.0,8.717797887081348,0.1777460386835387
65,2024/25,0.5,0.25,0.5,0.0,7.745966692414834,0.16746352605727607
66,2024/25,0.5,0.25,1.0,0.0,7.745966692414834,0.16746352605727607
67,2024/25,0.5,0.25,0.0,0.5,11.704699910719626,0.2288621101121101
68,2024/25,0.5,0.25,0.5,0.5,11.832159566199232,0.23719544344544344
69,2024/25,0.5,0.25,1.0,0.5,10.816653826391969,0.23506476162726161
70,2024/25,0.5,0.25,0.0,1.0,12.489995996796797,0.26510737526362527
71,2024/25,0.5,0.25,0.5,1.0,12.0,0.23771627677877677
72,2024/25,0.5,0.25,1.0,1.0,12.288205727444508,0.24552877677877677
73,2024/25,0.5,0.5,0.0,0.0,9.16515138991168,0.20750794344544343
74,2024/25,0.5,0.5,0.5,0.0,7.874007874011811,0.16833158161283163
75,2024/25,0.5,0.5,1.0,0.0,7.615773105863909,0.167587533993784
76,2024/25,0.5,0.5,0.0,0.5,11.532562594670797,0.23302877677877676
77,2024/25,0.5,0.5,0.5,0.5,11.357816691600547,0.2327210116272616
78,2024/25,0.5,0.5,1.0,0.5,10.63014581273465,0.23432071400821397
79,2024/25,0.5,0.5,0.0,1.0,11.313708498984761,0.2216177919302919
80,2024/25,0.5,0.5,0.5,1.0,11.575836902790225,0.2351121101121101
81,2024/25,0.5,0.5,1.0,1.0,12.041594578792296,0.2444871101121101
82,2024/25,0.5,0.75,0.0,0.0,9.539392014169456,0.21527309496059494
83,2024/25,0.5,0.75,0.5,0.0,9.38083151964686,0.2118955697080697
84,2024/25,0.5,0.75,1.0,0.0,8.602325267042627,0.179306283993784
85,2024/25,0.5,0.75,0.0,0.5,9.899494936611665,0.20334127677877678
86,2024/25,0.5,0.75,0.5,0.5,11.135528725660043,0.23011684496059498
87,2024/25,0.5,0.75,1.0,0.5,11.313708498984761,0.23909501956376955
88,2024/25,0.5,0.75,0.0,1.0,10.583005244258363,0.2098990419302919
89,2024/25,0.5,0.75,0.5,1.0,11.0,0.2146733474858475
90,2024/25,0.5,0.75,1.0,1.0,11.090536506409418,0.2206527847152847
91,2024/25,0.5,1.0,0.0,0.0,9.539392014169456,0.21527309496059494
92,2024/25,0.5,1.0,0.5,0.0,9.38083151964686,0.2118955697080697
93,2024/25,0.5,1.0,1.0,0.0,8.717797887081348,0.18138961732711734
94,2024/25,0.5,1.0,0.0,0.5,9.899494936611665,0.20334127677877678
95,2024/25,0.5,1.0,0.5,0.5,11.135528725660043,0.23011684496059498
96,2024/25,0.5,1.0,1.0,0.5,11.269427669584644,0.23284501956376952
97,2024/25,0.5,1.0,0.0,1.0,10.583005244258363,0.2098990419302919
98,2024/25,0.5,1.0,0.5,1.0,10.816653826391969,0.20634001415251416
99,2024/25,0.5,1.0,1.0,1.0,11.180339887498949,0.22152084027084026
100,2024/25,0.5,1.25,0.0,0.0,9.539392014169456,0.21527309496059494
101,2024/25,0.5,1.25,0.5,0.0,9.539392014169456,0.2181455697080697
102,2024/25,0.5,1.25,1.0,0.0,8.717797887081348,0.18138961732711734
103,2024/25,0.5,1.25,0.0,0.5,9.899494936611665,0.20334127677877678
104,2024/25,0.5,1.25,0.5,0.5,10.63014581273465,0.2224283528971029
105,2024/25,0.5,1.25,1.0,0.5,11.357816691600547,0.2380533528971029
106,2024/25,0.5,1.25,0.0,1.0,10.246950765959598,0.2029545974858475
107,2024/25,0.5,1.25,0.5,1.0,10.63014581273465,0.2055959665334665
108,2024/25,0.5,1.25,1.0,1.0,11.180339887498949,0.22152084027084026
109,2024/25,0.5,1.5,0.0,0.0,8.774964387392123,0.20442240051615052
110,2024/25,0.5,1.5,0.5,0.0,9.539392014169456,0.2181455697080697
111,2024/25,0.5,1.5,1.0,0.0,8.888194417315589,0.18763961732711734
112,2024/25,0.5,1.5,0.0,0.5,10.0,0.2054246101121101
113,2024/25,0.5,1.5,0.5,0.5,10.723805294763608,0.2245116862304362
114,2024/25,0.5,1.5,1.0,0.5,10.583005244258363,0.23345265845265845
115,2024/25,0.5,1.5,0.0,1.0,10.04987562112089,0.19462126415251416
116,2024/25,0.5,1.5,0.5,1.0,10.63014581273465,0.2055959665334665
117,2024/25,0.5,1.5,1.0,1.0,11.180339887498949,0.22152084027084026
118,2024/25,0.5,1.75,0.0,0.0,8.54400374531753,0.2028599005161505
119,2024/25,0.5,1.75,0.5,0.0,9.695359714832659,0.22382738788988787
120,2024/25,0.5,1.75,1.0,0.0,9.327379053088816,0.190243783993784
121,2024/25,0.5,1.75,0.0,0.5,10.0,0.2054246101121101
122,2024/25,0.5,1.75,0.5,0.5,10.723805294763608,0.2245116862304362
123,2024/25,0.5,1.75,1.0,0.5,10.488088481701515,0.23402084027084025
124,2024/25,0.5,1.75,0.0,1.0,9.848857801796104,0.1938772165334665
125,2024/25,0.5,1.75,0.5,1.0,9.848857801796104,0.1938772165334665
126,2024/25,0.5,1.75,1.0,1.0,10.908712114635714,0.22821726884226887
127,2024/25,0.75,0.25,0.0,0.0,8.602325267042627,0.17831422050172052
128,2024/25,0.75,0.25,0.5,0.0,7.874007874011811,0.16833158161283163
129,2024/25,0.75,0.25,1.0,0.0,7.745966692414834,0.16746352605727607
130,2024/25,0.75,0.25,0.0,0.5,12.12435565298214,0.2351121101121101
131,2024/25,0.75,0.25,0.5,0.5,11.832159566199232,0.23719544344544344
132,2024/25,0.75,0.25,1.0,0.5,10.816653826391969,0.23506476162726161
133,2024/25,0.75,0.25,0.0,1.0,12.727922061357855,0.2786016934454434
134,2024/25,0.75,0.25,0.5,1.0,12.0,0.23771627677877677
135,2024/25,0.75,0.25,1.0,1.0,12.328828005937952,0.2517787767787768
136,2024/25,0.75,0.5,0.0,0.0,8.717797887081348,0.1777460386835387
137,2024/25,0.75,0.5,0.5,0.0,8.831760866327848,0.18005033161283163
138,2024/25,0.75,0.5,1.0,0.0,7.874007874011811,0.16833158161283163
139,2024/25,0.75,0.5,0.0,0.5,11.313708498984761,0.22157044344544344
140,2024/25,0.75,0.5,0.5,0.5,11.789826122551595,0.23094544344544343
141,2024/25,0.75,0.5,1.0,0.5,11.40175425099138,0.23897101162726161
142,2024/25,0.75,0.5,0.0,1.0,11.575836902790225,0.2226594585969586
143,2024/25,0.75,0.5,0.5,1.0,12.0,0.23771627677877677
144,2024/25,0.75,0.5,1.0,1.0,12.041594578792296,0.2444871101121101
145,2024/25,0.75,0.75,0.0,0.0,9.16515138991168,0.20750794344544343
146,2024/25,0.75,0.75,0.5,0.0,8.94427190999916,0.18213366494616495
147,2024/25,0.75,0.75,1.0,0.0,8.602325267042627,0.179306283993784
148,2024/25,0.75,0.75,0.0,0.5,11.40175425099138,0.22677877677877678
149,2024/25,0.75,0.75,0.5,0.5,11.789826122551595,0.23094544344544343
150,2024/25,0.75,0.75,1.0,0.5,11.313708498984761,0.23909501956376955
151,2024/25,0.75,0.75,0.0,1.0,11.313708498984761,0.2216177919302919
152,2024/25,0.75,0.75,0.5,1.0,11.269427669584644,0.22816766566766566
153,2024/25,0.75,0.75,1.0,1.0,11.874342087037917,0.23615377677877677
154,2024/25,0.75,1.0,0.0,0.0,9.539392014169456,0.21527309496059494
155,2024/25,0.75,1.0,0.5,0.0,8.94427190999916,0.18213366494616495
156,2024/25,0.75,1.0,1.0,0.0,8.717797887081348,0.18138961732711734
157,2024/25,0.75,1.0,0.0,0.5,10.954451150103322,0.22855434496059496
158,2024/25,0.75,1.0,0.5,0.5,11.445523142259598,0.23792934496059498
159,2024/25,0.75,1.0,1.0,0.5,11.269427669584644,0.23284501956376952
160,2024/25,0.75,1.0,0.0,1.0,11.313708498984761,0.2216177919302919
161,2024/25,0.75,1.0,0.5,1.0,11.269427669584644,0.22816766566766566
162,2024/25,0.75,1.0,1.0,1.0,11.575836902790225,0.22933334027084026
163,2024/25,0.75,1.25,0.0,0.0,8.774964387392123,0.20442240051615052
164,2024/25,0.75,1.25,0.5,0.0,8.94427190999916,0.18213366494616495
165,2024/25,0.75,1.25,1.0,0.0,8.717797887081348,0.18138961732711734
166,2024/25,0.75,1.25,0.0,0.5,10.198039027185569,0.21683559496059496
167,2024/25,0.75,1.25,0.5,0.5,11.135528725660043,0.23011684496059498
168,2024/25,0.75,1.25,1.0,0.5,11.269427669584644,0.23284501956376952
169,2024/25,0.75,1.25,0.0,1.0,10.246950765959598,0.2029545974858475
170,2024/25,0.75,1.25,0.5,1.0,11.090536506409418,0.21983433233433233
171,2024/25,0.75,1.25,1.0,1.0,11.180339887498949,0.22152084027084026
172,2024/25,0.75,1.5,0.0,0.0,8.831760866327848,0.2106724005161505
173,2024/25,0.75,1.5,0.5,0.0,9.539392014169456,0.2181455697080697
174,2024/25,0.75,1.5,1.0,0.0,8.717797887081348,0.18138961732711734
175,2024/25,0.75,1.5,0.0,0.5,9.899494936611665,0.20334127677877678
176,2024/25,0.75,1.5,0.5,0.5,10.816653826391969,0.2231724005161505
177,2024/25,0.75,1.5,1.0,0.5,11.269427669584644,0.23284501956376952
178,2024/25,0.75,1.5,0.0,1.0,10.246950765959598,0.2029545974858475
179,2024/25,0.75,1.5,0.5,1.0,11.090536506409418,0.21983433233433233
180,2024/25,0.75,1.5,1.0,1.0,11.180339887498949,0.22152084027084026
181,2024/25,0.75,1.75,0.0,0.0,8.831760866327848,0.2106724005161505
182,2024/25,0.75,1.75,0.5,0.0,9.539392014169456,0.2181455697080697
183,2024/25,0.75,1.75,1.0,0.0,8.717797887081348,0.18138961732711734
184,2024/25,0.75,1.75,0.0,0.5,9.899494936611665,0.20334127677877678
185,2024/25,0.75,1.75,0.5,0.5,10.63014581273465,0.2224283528971029
186,2024/25,0.75,1.75,1.0,0.5,11.135528725660043,0.23110890845265844
187,2024/25,0.75,1.75,0.0,1.0,10.04987562112089,0.19462126415251416
188,2024/25,0.75,1.75,0.5,1.0,10.63014581273465,0.2055959665334665
189,2024/25,0.75,1.75,1.0,1.0,11.180339887498949,0.22152084027084026
190,2024/25,1.0,0.25,0.0,0.0,9.0,0.1863003316128316
191,2024/25,1.0,0.25,0.5,0.0,8.831760866327848,0.18005033161283163
192,2024/25,1.0,0.25,1.0,0.0,7.745966692414834,0.16746352605727607
193,2024/25,1.0,0.25,0.0,0.5,12.041594578792296,0.2319871101121101
194,2024/25,1.0,0.25,0.5,0.5,12.165525060596439,0.23910516566766565
195,2024/25,1.0,0.25,1.0,0.5,11.40175425099138,0.23897101162726161
196,2024/25,1.0,0.25,0.0,1.0,12.884098726725126,0.2801641934454434
197,2024/25,1.0,0.25,0.5,1.0,12.288205727444508,0.24552877677877677
198,2024/25,1.0,0.25,1.0,1.0,12.328828005937952,0.2517787767787768
199,2024/25,1.0,0.5,0.0,0.0,9.591663046625438,0.19090102605727607
200,2024/25,1.0,0.5,0.5,0.0,8.831760866327848,0.18005033161283163
201,2024/25,1.0,0.5,1.0,0.0,7.874007874011811,0.16833158161283163
202,2024/25,1.0,0.5,0.0,0.5,11.789826122551595,0.23094544344544343
203,2024/25,1.0,0.5,0.5,0.5,11.874342087037917,0.231813499000999
204,2024/25,1.0,0.5,1.0,0.5,11.40175425099138,0.23897101162726161
205,2024/25,1.0,0.5,0.0,1.0,12.649110640673518,0.25047669344544343
206,2024/25,1.0,0.5,0.5,1.0,12.0,0.23771627677877677
207,2024/25,1.0,0.5,1.0,1.0,12.041594578792296,0.2444871101121101
208,2024/25,1.0,0.75,0.0,0.0,9.591663046625438,0.19090102605727607
209,2024/25,1.0,0.75,0.5,0.0,8.831760866327848,0.18005033161283163
210,2024/25,1.0,0.75,1.0,0.0,8.831760866327848,0.18005033161283163
211,2024/25,1.0,0.75,0.0,0.5,11.575836902790225,0.22834127677877677
212,2024/25,1.0,0.75,0.5,0.5,11.789826122551595,0.23094544344544343
213,2024/25,1.0,0.75,1.0,0.5,11.489125293076057,0.23983906718281717
214,2024/25,1.0,0.75,0.0,1.0,11.832159566199232,0.23615377677877677
215,2024/25,1.0,0.75,0.5,1.0,11.74734012447073,0.2366746101121101
216,2024/25,1.0,0.75,1.0,1.0,12.041594578792296,0.2444871101121101
217,2024/25,1.0,1.0,0.0,0.0,10.0,0.2206629308191808
218,2024/25,1.0,1.0,0.5,0.0,8.94427190999916,0.18213366494616495
219,2024/25,1.0,1.0,1.0,0.0,8.602325267042627,0.179306283993784
220,2024/25,1.0,1.0,0.0,0.5,11.40175425099138,0.22677877677877678
221,2024/25,1.0,1.0,0.5,0.5,11.789826122551595,0.23094544344544343
222,2024/25,1.0,1.0,1.0,0.5,11.313708498984761,0.23909501956376955
223,2024/25,1.0,1.0,0.0,1.0,11.575836902790225,0.2226594585969586
224,2024/25,1.0,1.0,0.5,1.0,11.445523142259598,0.22973016566766566
225,2024/25,1.0,1.0,1.0,1.0,11.958260743101398,0.23702183233433233
226,2024/25,1.0,1.25,0.0,0.0,8.831760866327848,0.2106724005161505
227,2024/25,1.0,1.25,0.5,0.0,8.94427190999916,0.18213366494616495
228,2024/25,1.0,1.25,1.0,0.0,8.717797887081348,0.18138961732711734
229,2024/25,1.0,1.25,0.0,0.5,11.40175425099138,0.22677877677877678
230,2024/25,1.0,1.25,0.5,0.5,11.874342087037917,0.23615377677877677
231,2024/25,1.0,1.25,1.0,0.5,11.269427669584644,0.23284501956376952
232,2024/25,1.0,1.25,0.0,1.0,11.0,0.2146733474858475
233,2024/25,1.0,1.25,0.5,1.0,11.090536506409418,0.21983433233433233
234,2024/25,1.0,1.25,1.0,1.0,11.575836902790225,0.22933334027084026
235,2024/25,1.0,1.5,0.0,0.0,8.831760866327848,0.2106724005161505
236,2024/25,1.0,1.5,0.5,0.0,9.1104335791443,0.18838366494616493
237,2024/25,1.0,1.5,1.0,0.0,8.717797887081348,0.18138961732711734
238,2024/25,1.0,1.5,0.0,0.5,10.954451150103322,0.22855434496059496
239,2024/25,1.0,1.5,0.5,0.5,11.445523142259598,0.23792934496059498
240,2024/25,1.0,1.5,1.0,0.5,11.269427669584644,0.23284501956376952
241,2024/25,1.0,1.5,0.0,1.0,11.0,0.2146733474858475
242,2024/25,1.0,1.5,0.5,1.0,11.090536506409418,0.21983433233433233
243,2024/25,1.0,1.5,1.0,1.0,11.180339887498949,0.22152084027084026
244,2024/25,1.0,1.75,0.0,0.0,8.831760866327848,0.2106724005161505
245,2024/25,1.0,1.75,0.5,0.0,9.1104335791443,0.18838366494616493
246,2024/25,1.0,1.75,1.0,0.0,8.717797887081348,0.18138961732711734
247,2024/25,1.0,1.75,0.0,0.5,10.954451150103322,0.22855434496059496
248,2024/25,1.0,1.75,0.5,0.5,10.816653826391969,0.2231724005161505
249,2024/25,1.0,1.75,1.0,0.5,11.269427669584644,0.23284501956376952
250,2024/25,1.0,1.75,0.0,1.0,10.246950765959598,0.2029545974858475
251,2024/25,1.0,1.75,0.5,1.0,11.090536506409418,0.21983433233433233
252,2024/25,1.0,1.75,1.0,1.0,11.180339887498949,0.22152084027084026
253,2024/25,1.25,0.25,0.0,0.0,9.327379053088816,0.18734199827949827
254,2024/25,1.25,0.25,0.5,0.0,8.831760866327848,0.18005033161283163
255,2024/25,1.25,0.25,1.0,0.0,7.745966692414834,0.16746352605727607
256,2024/25,1.25,0.25,0.0,0.5,12.12435565298214,0.23285516566766565
257,2024/25,1.25,0.25,0.5,0.5,12.165525060596439,0.23910516566766565
258,2024/25,1.25,0.25,1.0,0.5,11.40175425099138,0.23897101162726161
259,2024/25,1.25,0.25,0.0,1.0,13.152946437965905,0.2879766934454434
260,2024/25,1.25,0.25,0.5,1.0,12.36931687685298,0.24639683233433235
261,2024/25,1.25,0.25,1.0,1.0,12.328828005937952,0.2517787767787768
262,2024/25,1.25,0.5,0.0,0.0,9.0,0.1863003316128316
263,2024/25,1.25,0.5,0.5,0.0,8.831760866327848,0.18005033161283163
264,2024/25,1.25,0.5,1.0,0.0,7.874007874011811,0.16833158161283163
265,2024/25,1.25,0.5,0.0,0.5,12.041594578792296,0.2319871101121101
266,2024/25,1.25,0.5,0.5,0.5,11.916375287812984,0.238063499000999
267,2024/25,1.25,0.5,1.0,0.5,11.489125293076057,0.23983906718281717
268,2024/25,1.25,0.5,0.0,1.0,12.806248474865697,0.25203919344544345
269,2024/25,1.25,0.5,0.5,1.0,12.288205727444508,0.24552877677877677
270,2024/25,1.25,0.5,1.0,1.0,12.328828005937952,0.2517787767787768
271,2024/25,1.25,0.75,0.0,0.0,9.0,0.1863003316128316
272,2024/25,1.25,0.75,0.5,0.0,8.831760866327848,0.18005033161283163
273,2024/25,1.25,0.75,1.0,0.0,8.831760866327848,0.18005033161283163
274,2024/25,1.25,0.75,0.0,0.5,11.789826122551595,0.23094544344544343
275,2024/25,1.25,0.75,0.5,0.5,11.874342087037917,0.231813499000999
276,2024/25,1.25,0.75,1.0,0.5,11.489125293076057,0.23983906718281717
277,2024/25,1.25,0.75,0.0,1.0,11.832159566199232,0.23615377677877677
278,2024/25,1.25,0.75,0.5,1.0,12.0,0.23771627677877677
279,2024/25,1.25,0.75,1.0,1.0,12.12435565298214,0.24535516566766566
280,2024/25,1.25,1.0,0.0,0.0,9.0,0.1863003316128316
281,2024/25,1.25,1.0,0.5,0.0,8.94427190999916,0.18213366494616495
282,2024/25,1.25,1.0,1.0,0.0,8.831760866327848,0.18005033161283163
283,2024/25,1.25,1.0,0.0,0.5,11.575836902790225,0.22834127677877677
284,2024/25,1.25,1.0,0.5,0.5,11.874342087037917,0.231813499000999
285,2024/25,1.25,1.0,1.0,0.5,11.489125293076057,0.23983906718281717
286,2024/25,1.25,1.0,0.0,1.0,11.832159566199232,0.23615377677877677
287,2024/25,1.25,1.0,0.5,1.0,11.445523142259598,0.22973016566766566
288,2024/25,1.25,1.0,1.0,1.0,11.958260743101398,0.23702183233433233
289,2024/25,1.25,1.25,0.0,0.0,9.273618495495704,0.19406548312798313
290,2024/25,1.25,1.25,0.5,0.0,8.94427190999916,0.18213366494616495
291,2024/25,1.25,1.25,1.0,0.0,8.717797887081348,0.18138961732711734
292,2024/25,1.25,1.25,0.0,0.5,11.40175425099138,0.22677877677877678
293,2024/25,1.25,1.25,0.5,0.5,11.874342087037917,0.231813499000999
294,2024/25,1.25,1.25,1.0,0.5,11.313708498984761,0.23909501956376955
295,2024/25,1.25,1.25,0.0,1.0,11.269427669584644,0.21571501415251415
296,2024/25,1.25,1.25,0.5,1.0,11.445523142259598,0.22973016566766566
297,2024/25,1.25,1.25,1.0,1.0,11.958260743101398,0.23702183233433233
298,2024/25,1.25,1.5,0.0,0.0,9.695359714832659,0.22382738788988787
299,2024/25,1.25,1.5,0.5,0.0,8.94427190999916,0.18213366494616495
300,2024/25,1.25,1.5,1.0,0.0,8.717797887081348,0.18138961732711734
301,2024/25,1.25,1.5,0.0,0.5,11.40175425099138,0.22677877677877678
302,2024/25,1.25,1.5,0.5,0.5,11.874342087037917,0.231813499000999
303,2024/25,1.25,1.5,1.0,0.5,11.269427669584644,0.23284501956376952
304,2024/25,1.25,1.5,0.0,1.0,11.0,0.2146733474858475
305,2024/25,1.25,1.5,0.5,1.0,11.090536506409418,0.21983433233433233
306,2024/25,1.25,1.5,1.0,1.0,11.74734012447073,0.23007738788988788
307,2024/25,1.25,1.75,0.0,0.0,9.695359714832659,0.22382738788988787
308,2024/25,1.25,1.75,0.5,0.0,9.1104335791443,0.18838366494616493
309,2024/25,1.25,1.75,1.0,0.0,8.717797887081348,0.18138961732711734
310,2024/25,1.25,1.75,0.0,0.5,10.954451150103322,0.22855434496059496
311,2024/25,1.25,1.75,0.5,0.5,11.532562594670797,0.2387974005161505
312,2024/25,1.25,1.75,1.0,0.5,11.269427669584644,0.23284501956376952
313,2024/25,1.25,1.75,0.0,1.0,11.0,0.2146733474858475
314,2024/25,1.25,1.75,0.5,1.0,11.090536506409418,0.21983433233433233
315,2024/25,1.25,1.75,1.0,1.0,11.575836902790225,0.22933334027084026
316,2024/25,1.5,0.25,0.0,0.0,9.327379053088816,0.18734199827949827
317,2024/25,1.5,0.25,0.5,0.0,8.831760866327848,0.18005033161283163
318,2024/25,1.5,0.25,1.0,0.0,7.745966692414834,0.16746352605727607
319,2024/25,1.5,0.25,0.0,0.5,12.165525060596439,0.23910516566766565
320,2024/25,1.5,0.25,0.5,0.5,12.165525060596439,0.23910516566766565
321,2024/25,1.5,0.25,1.0,0.5,11.40175425099138,0.23897101162726161
322,2024/25,1.5,0.25,0.0,1.0,13.228756555322953,0.288844749000999
323,2024/25,1.5,0.25,0.5,1.0,12.36931687685298,0.24639683233433235
324,2024/25,1.5,0.25,1.0,1.0,12.727922061357855,0.2919573482073482
325,2024/25,1.5,0.5,0.0,0.0,9.0,0.1863003316128316
326,2024/25,1.5,0.5,0.5,0.0,8.831760866327848,0.18005033161283163
327,2024/25,1.5,0.5,1.0,0.0,7.874007874011811,0.16833158161283163
328,2024/25,1.5,0.5,0.0,0.5,12.12435565298214,0.23285516566766565
329,2024/25,1.5,0.5,0.5,0.5,11.916375287812984,0.238063499000999
330,2024/25,1.5,0.5,1.0,0.5,11.489125293076057,0.23983906718281717
331,2024/25,1.5,0.5,0.0,1.0,12.806248474865697,0.25203919344544345
332,2024/25,1.5,0.5,0.5,1.0,12.36931687685298,0.24639683233433235
333,2024/25,1.5,0.5,1.0,1.0,12.328828005937952,0.2517787767787768
334,2024/25,1.5,0.75,0.0,0.0,9.0,0.1863003316128316
335,2024/25,1.5,0.75,0.5,0.0,8.831760866327848,0.18005033161283163
336,2024/25,1.5,0.75,1.0,0.0,8.831760866327848,0.18005033161283163
337,2024/25,1.5,0.75,0.0,0.5,11.789826122551595,0.23094544344544343
338,2024/25,1.5,0.75,0.5,0.5,11.874342087037917,0.231813499000999
339,2024/25,1.5,0.75,1.0,0.5,11.489125293076057,0.23983906718281717
340,2024/25,1.5,0.75,0.0,1.0,12.649110640673518,0.25047669344544343
341,2024/25,1.5,0.75,0.5,1.0,12.0,0.23771627677877677
342,2024/25,1.5,0.75,1.0,1.0,12.12435565298214,0.24535516566766566
343,2024/25,1.5,1.0,0.0,0.0,9.0,0.1863003316128316
344,2024/25,1.5,1.0,0.5,0.0,8.831760866327848,0.18005033161283163
345,2024/25,1.5,1.0,1.0,0.0,8.831760866327848,0.18005033161283163
346,2024/25,1.5,1.0,0.0,0.5,11.789826122551595,0.23094544344544343
347,2024/25,1.5,1.0,0.5,0.5,11.874342087037917,0.231813499000999
348,2024/25,1.5,1.0,1.0,0.5,11.489125293076057,0.23983906718281717
349,2024/25,1.5,1.0,0.0,1.0,11.832159566199232,0.23615377677877677
350,2024/25,1.5,1.0,0.5,1.0,11.704699910719626,0.23077183233433235
351,2024/25,1.5,1.0,1.0,1.0,11.958260743101398,0.23702183233433233
352,2024/25,1.5,1.25,0.0,0.0,9.0,0.1863003316128316
353,2024/25,1.5,1.25,0.5,0.0,8.94427190999916,0.18213366494616495
354,2024/25,1.5,1.25,1.0,0.0,8.831760866327848,0.18005033161283163
355,2024/25,1.5,1.25,0.0,0.5,11.575836902790225,0.22834127677877677
356,2024/25,1.5,1.25,0.5,0.5,11.874342087037917,0.231813499000999
357,2024/25,1.5,1.25,1.0,0.5,11.489125293076057,0.23983906718281717
358,2024/25,1.5,1.25,0.0,1.0,11.532562594670797,0.22920933233433233
359,2024/25,1.5,1.25,0.5,1.0,11.445523142259598,0.22973016566766566
360,2024/25,1.5,1.25,1.0,1.0,11.958260743101398,0.23702183233433233
361,2024/25,1.5,1.5,0.0,0.0,9.273618495495704,0.19406548312798313
362,2024/25,1.5,1.5,0.5,0.0,8.94427190999916,0.18213366494616495
363,2024/25,1.5,1.5,1.0,0.0,8.717797887081348,0.18138961732711734
364,2024/25,1.5,1.5,0.0,0.5,11.575836902790225,0.22834127677877677
365,2024/25,1.5,1.5,0.5,0.5,11.874342087037917,0.231813499000999
366,2024/25,1.5,1.5,1.0,0.5,11.269427669584644,0.23284501956376952
367,2024/25,1.5,1.5,0.0,1.0,11.532562594670797,0.22920933233433233
368,2024/25,1.5,1.5,0.5,1.0,11.269427669584644,0.22139683233433233
369,2024/25,1.5,1.5,1.0,1.0,11.958260743101398,0.23702183233433233
370,2024/25,1.5,1.75,0.0,0.0,9.273618495495704,0.19406548312798313
371,2024/25,1.5,1.75,0.5,0.0,9.1104335791443,0.18838366494616493
372,2024/25,1.5,1.75,1.0,0.0,8.717797887081348,0.18138961732711734
373,2024/25,1.5,1.75,0.0,0.5,11.40175425099138,0.22677877677877678
374,2024/25,1.5,1.75,0.5,0.5,11.874342087037917,0.231813499000999
375,2024/25,1.5,1.75,1.0,0.5,11.269427669584644,0.23284501956376952
376,2024/25,1.5,1.75,0.0,1.0,11.0,0.2146733474858475
377,2024/25,1.5,1.75,0.5,1.0,11.269427669584644,0.22139683233433233
378,2024/25,1.5,1.75,1.0,1.0,11.74734012447073,0.23007738788988788
379,2024/25,1.75,0.25,0.0,0.0,9.486832980505138,0.19302381646131644
380,2024/25,1.75,0.25,0.5,0.0,8.831760866327848,0.18005033161283163
381,2024/25,1.75,0.25,1.0,0.0,7.745966692414834,0.16746352605727607
382,2024/25,1.75,0.25,0.0,0.5,12.165525060596439,0.23910516566766565
383,2024/25,1.75,0.25,0.5,0.5,12.165525060596439,0.23910516566766565
384,2024/25,1.75,0.25,1.0,0.5,11.40175425099138,0.23897101162726161
385,2024/25,1.75,0.25,0.0,1.0,13.228756555322953,0.288844749000999
386,2024/25,1.75,0.25,0.5,1.0,12.36931687685298,0.24639683233433235
387,2024/25,1.75,0.25,1.0,1.0,12.727922061357855,0.2919573482073482
388,2024/25,1.75,0.5,0.0,0.0,9.0,0.1863003316128316
389,2024/25,1.75,0.5,0.5,0.0,8.831760866327848,0.18005033161283163
390,2024/25,1.75,0.5,1.0,0.0,7.874007874011811,0.16833158161283163
391,2024/25,1.75,0.5,0.0,0.5,12.12435565298214,0.23285516566766565
392,2024/25,1.75,0.5,0.5,0.5,11.916375287812984,0.238063499000999
393,2024/25,1.75,0.5,1.0,0.5,11.489125293076057,0.23983906718281717
394,2024/25,1.75,0.5,0.0,1.0,12.806248474865697,0.25203919344544345
395,2024/25,1.75,0.5,0.5,1.0,12.36931687685298,0.24639683233433235
396,2024/25,1.75,0.5,1.0,1.0,12.806248474865697,0.2928254037629038
397,2024/25,1.75,0.75,0.0,0.0,9.0,0.1863003316128316
398,2024/25,1.75,0.75,0.5,0.0,8.831760866327848,0.18005033161283163
399,2024/25,1.75,0.75,1.0,0.0,8.831760866327848,0.18005033161283163
400,2024/25,1.75,0.75,0.0,0.5,12.12435565298214,0.23285516566766565
401,2024/25,1.75,0.75,0.5,0.5,11.874342087037917,0.231813499000999
402,2024/25,1.75,0.75,1.0,0.5,11.489125293076057,0.23983906718281717
403,2024/25,1.75,0.75,0.0,1.0,12.806248474865697,0.25203919344544345
404,2024/25,1.75,0.75,0.5,1.0,12.36931687685298,0.24639683233433235
405,2024/25,1.75,0.75,1.0,1.0,12.165525060596439,0.25160516566766566
406,2024/25,1.75,1.0,0.0,0.0,9.0,0.1863003316128316
407,2024/25,1.75,1.0,0.5,0.0,8.831760866327848,0.18005033161283163
408,2024/25,1.75,1.0,1.0,0.0,8.831760866327848,0.18005033161283163
409,2024/25,1.75,1.0,0.0,0.5,11.789826122551595,0.23094544344544343
410,2024/25,1.75,1.0,0.5,0.5,11.874342087037917,0.231813499000999
411,2024/25,1.75,1.0,1.0,0.5,11.489125293076057,0.23983906718281717
412,2024/25,1.75,1.0,0.0,1.0,12.36931687685298,0.243532249000999
413,2024/25,1.75,1.0,0.5,1.0,12.0,0.23771627677877677
414,2024/25,1.75,1.0,1.0,1.0,12.12435565298214,0.24535516566766566
415,2024/25,1.75,1.25,0.0,0.0,9.0,0.1863003316128316
416,2024/25,1.75,1.25,0.5,0.0,8.831760866327848,0.18005033161283163
417,2024/25,1.75,1.25,1.0,0.0,8.831760866327848,0.18005033161283163
418,2024/25,1.75,1.25,0.0,0.5,11.874342087037917,0.23615377677877677
419,2024/25,1.75,1.25,0.5,0.5,11.874342087037917,0.231813499000999
420,2024/25,1.75,1.25,1.0,0.5,11.489125293076057,0.23983906718281717
421,2024/25,1.75,1.25,0.0,1.0,11.532562594670797,0.22920933233433233
422,2024/25,1.75,1.25,0.5,1.0,11.445523142259598,0.22973016566766566
423,2024/25,1.75,1.25,1.0,1.0,11.958260743101398,0.23702183233433233
424,2024/25,1.75,1.5,0.0,0.0,9.1104335791443,0.18838366494616493
425,2024/25,1.75,1.5,0.5,0.0,8.94427190999916,0.18213366494616495
426,2024/25,1.75,1.5,1.0,0.0,8.831760866327848,0.18005033161283163
427,2024/25,1.75,1.5,0.0,0.5,11.575836902790225,0.22834127677877677
428,2024/25,1.75,1.5,0.5,0.5,11.874342087037917,0.231813499000999
429,2024/25,1.75,1.5,1.0,0.5,11.489125293076057,0.23983906718281717
430,2024/25,1.75,1.5,0.0,1.0,11.532562594670797,0.22920933233433233
431,2024/25,1.75,1.5,0.5,1.0,11.445523142259598,0.22973016566766566
432,2024/25,1.75,1.5,1.0,1.0,11.958260743101398,0.23702183233433233
433,2024/25,1.75,1.75,0.0,0.0,9.273618495495704,0.19406548312798313
434,2024/25,1.75,1.75,0.5,0.0,8.94427190999916,0.18213366494616495
435,2024/25,1.75,1.75,1.0,0.0,8.717797887081348,0.18138961732711734
436,2024/25,1.75,1.75,0.0,0.5,11.575836902790225,0.22834127677877677
437,2024/25,1.75,1.75,0.5,0.5,11.874342087037917,0.231813499000999
438,2024/25,1.75,1.75,1.0,0.5,11.269427669584644,0.23284501956376952
439,2024/25,1.75,1.75,0.0,1.0,11.532562594670797,0.22920933233433233
440,2024/25,1.75,1.75,0.5,1.0,11.269427669584644,0.22139683233433233
441,2024/25,1.75,1.75,1.0,1.0,11.958260743101398,0.23702183233433233
